"","garden","crop","species","variant","latitude","longitude","country","province","IUCNRedList"
"1","UBC","Fir","Abies amabilis","",55.1,-127.4,"Canada","NA","Least concern"
"2","UBC","Fir","Abies amabilis","",49.203055,-121.863333,"Canada","NA","Least concern"
"3","UBC","Fir","Abies amabilis","",49.203055,-121.863333,"Canada","NA","Least concern"
"4","UBC","Fir","Abies amabilis","",49.203055,-121.863333,"Canada","NA","Least concern"
"5","UBC","Fir","Abies amabilis","",49.203055,-121.863333,"Canada","NA","Least concern"
"6","UBC","Fir","Abies amabilis","",49.203055,-121.863333,"Canada","NA","Least concern"
"7","UBC","Fir","Abies amabilis","",49.203055,-121.863333,"Canada","NA","Least concern"
"8","UBC","Fir","Abies amabilis","",49.203055,-121.863333,"Canada","NA","Least concern"
"9","UBC","Fir","Abies amabilis","",49.203055,-121.863333,"Canada","NA","Least concern"
"10","UBC","Fir","Abies amabilis","",49.203055,-121.863333,"Canada","NA","Least concern"
"11","UBC","Fir","Abies amabilis","",49.203055,-121.863333,"Canada","NA","Least concern"
"12","UBC","Fir","Abies amabilis","",49.203055,-121.863333,"Canada","NA","Least concern"
"13","UBC","Fir","Abies amabilis","",NA,NA,"Canada","NA","Least concern"
"14","UBC","Fir","Abies amabilis","",49.48356,-123.56923,"Canada","NA","Least concern"
"15","UBC","Fir","Abies amabilis","",49.203055,-121.863333,"Canada","NA","Least concern"
"16","UBC","Fir","Abies balsamea","",NA,NA,"","NA","Least concern"
"17","UBC","Fir","Abies balsamea","",NA,NA,"Canada","NA","Least concern"
"18","UBC","Fir","Abies balsamea","Nana'",NA,NA,"","NA",""
"19","UBC","Fir","Abies balsamea","",NA,NA,"Canada","NA","Least concern"
"20","UBC","Fir","Abies balsamea","",NA,NA,"Canada","NA","Least concern"
"21","UBC","Fir","Abies balsamea","Nana'",NA,NA,"","NA",""
"22","UBC","Fir","Abies balsamea","",NA,NA,"Canada","NA","Least concern"
"23","UBC","Fir","Abies balsamea","Nana'",NA,NA,"","NA",""
"24","UBC","Fir","Abies grandis","",49.383333,-121.383333,"Canada","NA","Least concern"
"25","UBC","Fir","Abies grandis","",49.266667,-122.166667,"Canada","NA","Least concern"
"26","UBC","Fir","Abies grandis","",42.732528,-122.605444,"United States of America","NA","Least concern"
"27","UBC","Fir","Abies grandis","",NA,NA,"","NA","Least concern"
"28","UBC","Fir","Abies grandis","",NA,NA,"","NA","Least concern"
"29","UBC","Fir","Abies grandis","",NA,NA,"","NA","Least concern"
"30","UBC","Fir","Abies grandis","",NA,NA,"","NA","Least concern"
"31","UBC","Fir","Abies lasiocarpa","",49.666667,-115.433333,"Canada","NA","Least concern"
"32","UBC","Fir","Abies lasiocarpa","arizonica 'Compacta'",NA,NA,"","NA",""
"33","UBC","Fir","Abies lasiocarpa","",49.666667,-115.433333,"Canada","NA","Least concern"
"34","UBC","Fir","Abies lasiocarpa","lasiocarpa",NA,NA,"Canada","NA",""
"35","UBC","Fir","Abies lasiocarpa","",49.666667,-115.433333,"Canada","NA","Least concern"
"36","UBC","Fir","Abies lasiocarpa","",NA,NA,"Canada","NA","Least concern"
"37","UBC","Fir","Abies lasiocarpa","",NA,NA,"Canada","NA","Least concern"
"38","UBC","Fir","Abies lasiocarpa","",NA,NA,"Canada","NA","Least concern"
"39","UBC","Fir","Abies lasiocarpa","",NA,NA,"Canada","NA","Least concern"
"40","UBC","Fir","Abies lasiocarpa","",NA,NA,"Canada","NA","Least concern"
"41","UBC","Fir","Abies lasiocarpa","lasiocarpa",NA,NA,"Canada","NA",""
"42","UBC","Maple","Acer glabrum","glabrum",NA,NA,"United States of America","NA",""
"43","UBC","Maple","Acer glabrum","douglasii",50.267092,-122.879315,"Canada","NA",""
"44","UBC","Maple","Acer glabrum","neomexicanum",NA,NA,"United States of America","NA",""
"45","UBC","Maple","Acer glabrum","glabrum",NA,NA,"United States of America","NA",""
"46","UBC","Maple","Acer glabrum","douglasii",50.267092,-122.879315,"Canada","NA",""
"47","UBC","Maple","Acer glabrum","glabrum",NA,NA,"United States of America","NA",""
"48","UBC","Maple","Acer glabrum","douglasii",49.34259,-121.4678,"Canada","NA",""
"49","UBC","Maple","Acer glabrum","glabrum",NA,NA,"United States of America","NA",""
"50","UBC","Maple","Acer glabrum","douglasii",50.267092,-122.879315,"Canada","NA",""
"51","UBC","Maple","Acer glabrum","douglasii",50.267092,-122.879315,"Canada","NA",""
"52","UBC","Maple","Acer glabrum","glabrum",NA,NA,"United States of America","NA",""
"53","UBC","Maple","Acer glabrum","diffusum",NA,NA,"United States of America","NA",""
"54","UBC","Maple","Acer glabrum","glabrum",NA,NA,"United States of America","NA",""
"55","UBC","Maple","Acer glabrum","glabrum",NA,NA,"United States of America","NA",""
"56","UBC","Maple","Acer glabrum","douglasii",50.267092,-122.879315,"Canada","NA",""
"57","UBC","Maple","Acer glabrum","glabrum",NA,NA,"United States of America","NA",""
"58","UBC","Maple","Acer glabrum","neomexicanum",NA,NA,"United States of America","NA",""
"59","UBC","Maple","Acer glabrum","glabrum",42.022111,-123.461083,"United States of America","NA",""
"60","UBC","Maple","Acer glabrum","douglasii",NA,NA,"Canada","NA",""
"61","UBC","Maple","Acer glabrum","douglasii",NA,NA,"Canada","NA",""
"62","UBC","Maple","Acer pensylvanicum","",45.716667,-67.566667,"Canada","NA","Least concern"
"63","UBC","Maple","Acer pensylvanicum","",45.716667,-67.566667,"Canada","NA","Least concern"
"64","UBC","Maple","Acer pensylvanicum","",45.716667,-67.566667,"Canada","NA","Least concern"
"65","UBC","Maple","Acer pensylvanicum","",NA,NA,"","NA","Least concern"
"66","UBC","Maple","Acer pensylvanicum","",46.904395,-80.081475,"Canada","NA","Least concern"
"67","UBC","Maple","Acer pensylvanicum","",NA,NA,"","NA","Least concern"
"68","UBC","Maple","Acer pensylvanicum","",45.716667,-67.566667,"Canada","NA","Least concern"
"69","UBC","Maple","Acer pensylvanicum","",NA,NA,"","NA","Least concern"
"70","UBC","Maple","Acer pensylvanicum","",NA,NA,"","NA","Least concern"
"71","UBC","Maple","Acer pensylvanicum","",NA,NA,"","NA","Least concern"
"72","UBC","Maple","Acer pensylvanicum","",NA,NA,"","NA","Least concern"
"73","UBC","Maple","Acer pensylvanicum","",45.716667,-67.566667,"Canada","NA","Least concern"
"74","UBC","Maple","Acer pensylvanicum","",NA,NA,"","NA","Least concern"
"75","UBC","Maple","Acer rubrum","",NA,NA,"","NA","Least concern"
"76","UBC","Maple","Acer rubrum","",46.932305,-80.098145,"Canada","NA","Least concern"
"77","UBC","Maple","Acer rubrum","",46.932305,-80.098145,"Canada","NA","Least concern"
"78","UBC","Maple","Acer rubrum","",46.932305,-80.098145,"Canada","NA","Least concern"
"79","UBC","Maple","Acer saccharum","",NA,NA,"","NA","Least concern"
"80","UBC","Maple","Acer saccharum"," saccharum",43.130556,-79.056667,"Canada","NA",""
"81","UBC","Maple","Acer saccharum"," saccharum",42.62979,-81.775929,"Canada","NA",""
"82","UBC","Maple","Acer saccharum"," nigrum",43.58103,-80.517744,"Canada","NA",""
"83","UBC","Maple","Acer saccharum","",NA,NA,"","NA","Least concern"
"84","UBC","Maple","Acer saccharum"," saccharum",42.62979,-81.775929,"Canada","NA",""
"85","UBC","Maple","Acer saccharum"," nigrum",43.58103,-80.517744,"Canada","NA",""
"86","UBC","Maple","Acer saccharum"," saccharum",43.130556,-79.056667,"Canada","NA",""
"87","UBC","Maple","Acer saccharum"," saccharum",43.83634,-80.87771,"Canada","NA",""
"88","UBC","Maple","Acer saccharum"," nigrum",43.159628,-81.801485,"Canada","NA",""
"89","UBC","Maple","Acer saccharum"," nigrum",43.58103,-80.517744,"Canada","NA",""
"90","UBC","Maple","Acer saccharum"," saccharum",42.62979,-81.775929,"Canada","NA",""
"91","UBC","Maple","Acer saccharum"," floridanum",NA,NA,"","NA",""
"92","UBC","Maple","Acer saccharum"," nigrum",43.159628,-81.801485,"Canada","NA",""
"93","UBC","Maple","Acer saccharum"," nigrum",43.58103,-80.517744,"Canada","NA",""
"94","UBC","Maple","Acer saccharum"," saccharum",42.62979,-81.775929,"Canada","NA",""
"95","UBC","Maple","Acer saccharum"," nigrum",43.159628,-81.801485,"Canada","NA",""
"96","UBC","Maple","Acer saccharum"," saccharum",43.130556,-79.056667,"Canada","NA",""
"97","UBC","Maple","Acer saccharum"," nigrum",43.159628,-81.801485,"Canada","NA",""
"98","UBC","Maple","Acer saccharum"," floridanum",NA,NA,"","NA",""
"99","UBC","Maple","Acer saccharum"," saccharum",42.62979,-81.775929,"Canada","NA",""
"100","UBC","Maple","Acer saccharum"," saccharum",43.658064,-80.512013,"Canada","NA",""
"101","UBC","Maple","Acer saccharum"," saccharum",43.130556,-79.056667,"Canada","NA",""
"102","UBC","Hyssop","Agastache foeniculum","",NA,NA,"","NA",""
"103","UBC","Hyssop","Agastache foeniculum","",NA,NA,"","NA",""
"104","UBC","Onion","Allium acuminatum","",50.174856,-122.49314,"Canada","NA",""
"105","UBC","Onion","Allium amplectens","",NA,NA,"Canada","NA",""
"106","UBC","Onion","Allium cernuum","",NA,NA,"","NA",""
"107","UBC","Onion","Allium cernuum","",49.477648,-123.859154,"Canada","NA",""
"108","UBC","Onion","Allium cernuum","cernuum",NA,NA,"","NA",""
"109","UBC","Onion","Allium cernuum","cernuum",NA,NA,"","NA",""
"110","UBC","Onion","Allium cernuum","",NA,NA,"","NA",""
"111","UBC","Onion","Allium cernuum","cernuum",NA,NA,"Canada","NA",""
"112","UBC","Onion","Allium cernuum","",NA,NA,"","NA",""
"113","UBC","Onion","Allium cernuum","cernuum",NA,NA,"","NA",""
"114","UBC","Onion","Allium cernuum","cernuum",NA,NA,"","NA",""
"115","UBC","Onion","Allium cernuum","",NA,NA,"","NA",""
"116","UBC","Onion","Allium cernuum","cernuum",NA,NA,"","NA",""
"117","UBC","Onion","Allium cernuum","cernuum",NA,NA,"Canada","NA",""
"118","UBC","Onion","Allium cernuum","cernuum",NA,NA,"","NA",""
"119","UBC","Onion","Allium cernuum","cernuum",NA,NA,"","NA",""
"120","UBC","Onion","Allium cernuum","cernuum",NA,NA,"Canada","NA",""
"121","UBC","Onion","Allium cernuum","cernuum",NA,NA,"Canada","NA",""
"122","UBC","Onion","Allium cernuum","",50.6455,-121.48173,"Canada","NA",""
"123","UBC","Onion","Allium cernuum","",NA,NA,"Canada","NA",""
"124","UBC","Onion","Allium schoenoprasum","",NA,NA,"","NA",""
"125","UBC","Onion","Allium stellatum","",NA,NA,"","NA",""
"126","UBC","Alder","Alnus rubra","",NA,NA,"","NA","Least concern"
"127","UBC","Alder","Alnus rubra","",NA,NA,"","NA","Least concern"
"128","UBC","Saskatoon","Amelanchier alnifolia","",NA,NA,"Canada","NA",""
"129","UBC","Saskatoon","Amelanchier alnifolia","",51.019833,-121.572167,"Canada","NA",""
"130","UBC","Saskatoon","Amelanchier alnifolia","",51.019833,-121.572167,"Canada","NA",""
"131","UBC","Saskatoon","Amelanchier alnifolia","",51.019833,-121.572167,"Canada","NA",""
"132","UBC","Saskatoon","Amelanchier alnifolia","",51.019833,-121.572167,"Canada","NA",""
"133","UBC","Saskatoon","Amelanchier alnifolia","",NA,NA,"Canada","NA",""
"134","UBC","Saskatoon","Amelanchier alnifolia","Smoky'",NA,NA,"","NA",""
"135","UBC","Saskatoon","Amelanchier alnifolia","",NA,NA,"Canada","NA",""
"136","UBC","Saskatoon","Amelanchier alnifolia","",NA,NA,"Canada","NA",""
"137","UBC","Saskatoon","Amelanchier alnifolia","",NA,NA,"","NA",""
"138","UBC","Saskatoon","Amelanchier alnifolia","",NA,NA,"Canada","NA",""
"139","UBC","Saskatoon","Amelanchier alnifolia","alnifolia",NA,NA,"Canada","NA",""
"140","UBC","Saskatoon","Amelanchier alnifolia","",NA,NA,"Canada","NA",""
"141","UBC","Saskatoon","Amelanchier alnifolia","",NA,NA,"Canada","NA",""
"142","UBC","Saskatoon","Amelanchier alnifolia","",NA,NA,"","NA",""
"143","UBC","Saskatoon","Amelanchier alnifolia","",NA,NA,"","NA",""
"144","UBC","Saskatoon","Amelanchier alnifolia","",50.54458,-123.12627,"Canada","NA",""
"145","UBC","Saskatoon","Amelanchier alnifolia","",NA,NA,"Canada","NA",""
"146","UBC","Saskatoon","Amelanchier alnifolia","",NA,NA,"Canada","NA",""
"147","UBC","Saskatoon","Amelanchier alnifolia","",NA,NA,"Canada","NA",""
"148","UBC","Saskatoon","Amelanchier alnifolia","Smoky'",NA,NA,"","NA",""
"149","UBC","Saskatoon","Amelanchier alnifolia","",NA,NA,"Canada","NA",""
"150","UBC","Saskatoon","Amelanchier alnifolia","",NA,NA,"Canada","NA",""
"151","UBC","Saskatoon","Amelanchier alnifolia","",51.019833,-121.572167,"Canada","NA",""
"152","UBC","Saskatoon","Amelanchier alnifolia","",NA,NA,"Canada","NA",""
"153","UBC","Saskatoon","Amelanchier alnifolia","",NA,NA,"Canada","NA",""
"154","UBC","Saskatoon","Amelanchier alnifolia","",NA,NA,"Canada","NA",""
"155","UBC","Saskatoon","Amelanchier alnifolia","",NA,NA,"Canada","NA",""
"156","UBC","Saskatoon","Amelanchier canadensis","",NA,NA,"","NA",""
"157","UBC","Saskatoon","Amelanchier canadensis","",NA,NA,"","NA",""
"158","UBC","Pawpaw","Asimina triloba","",NA,NA,"Canada","NA",""
"159","UBC","Pawpaw","Asimina triloba","",NA,NA,"Canada","NA",""
"160","UBC","Pawpaw","Asimina triloba","",NA,NA,"United States of America","NA",""
"161","UBC","Pawpaw","Asimina triloba","",NA,NA,"United States of America","NA",""
"162","UBC","Pawpaw","Asimina triloba","",NA,NA,"Canada","NA",""
"163","UBC","Pawpaw","Asimina triloba","",NA,NA,"United States of America","NA",""
"164","UBC","Pawpaw","Asimina triloba","",NA,NA,"United States of America","NA",""
"165","UBC","Pawpaw","Asimina triloba","",NA,NA,"Canada","NA",""
"166","UBC","Pawpaw","Asimina triloba","",NA,NA,"Canada","NA",""
"167","UBC","Pawpaw","Asimina triloba","",NA,NA,"Canada","NA",""
"168","UBC","Pawpaw","Asimina triloba","",NA,NA,"United States of America","NA",""
"169","UBC","Pawpaw","Asimina triloba","",NA,NA,"Canada","NA",""
"170","UBC","Pawpaw","Asimina triloba","",NA,NA,"Canada","NA",""
"171","UBC","Birch","Betula lenta","",NA,NA,"","NA","Least concern"
"172","UBC","Birch","Betula lenta","",42.316606,-72.647192,"United States of America","NA","Least concern"
"173","UBC","Birch","Betula lenta","",NA,NA,"","NA","Least concern"
"174","UBC","Birch","Betula lenta","",NA,NA,"","NA","Least concern"
"175","UBC","Birch","Betula lenta","",NA,NA,"","NA","Least concern"
"176","UBC","Birch","Betula lenta","",NA,NA,"","NA","Least concern"
"177","UBC","Birch","Betula lenta","",NA,NA,"","NA","Least concern"
"178","UBC","Birch","Betula lenta","",42.316606,-72.647192,"United States of America","NA","Least concern"
"179","UBC","Birch","Betula lenta","",NA,NA,"","NA","Least concern"
"180","UBC","Birch","Betula lenta","",42.316606,-72.647192,"United States of America","NA","Least concern"
"181","UBC","Birch","Betula lenta","",NA,NA,"","NA","Least concern"
"182","UBC","Birch","Betula lenta","",NA,NA,"","NA","Least concern"
"183","UBC","Birch","Betula lenta","",NA,NA,"","NA","Least concern"
"184","UBC","Birch","Betula lenta","",42.316606,-72.647192,"United States of America","NA","Least concern"
"185","UBC","Birch","Betula lenta","",NA,NA,"","NA","Least concern"
"186","UBC","Birch","Betula lenta","",NA,NA,"","NA","Least concern"
"187","UBC","Birch","Betula lenta","",NA,NA,"","NA","Least concern"
"188","UBC","Birch","Betula lenta","",42.316606,-72.647192,"United States of America","NA","Least concern"
"189","UBC","Birch","Betula occidentalis","",49.28495,-119.5066,"Canada","NA","Least concern"
"190","UBC","Birch","Betula occidentalis","",49.28495,-119.5066,"Canada","NA","Least concern"
"191","UBC","Birch","Betula occidentalis","",49.28495,-119.5066,"Canada","NA","Least concern"
"192","UBC","Birch","Betula occidentalis","",49.28495,-119.5066,"Canada","NA","Least concern"
"193","UBC","Birch","Betula occidentalis","",49.28495,-119.5066,"Canada","NA","Least concern"
"194","UBC","Birch","Betula papyrifera","",47.018611,-79.159167,"Canada","NA","Least concern"
"195","UBC","Birch","Betula papyrifera","papyrifera",49.87979,-119.71055,"Canada","NA",""
"196","UBC","Birch","Betula papyrifera","",47.018611,-79.159167,"Canada","NA","Least concern"
"197","UBC","Birch","Betula papyrifera","",49.13174,-121.22304,"Canada","NA","Least concern"
"198","UBC","Birch","Betula papyrifera","",47.018611,-79.159167,"Canada","NA","Least concern"
"199","UBC","Birch","Betula papyrifera","",49.13174,-121.22304,"Canada","NA","Least concern"
"200","UBC","Birch","Betula papyrifera","papyrifera",NA,NA,"","NA",""
"201","UBC","Birch","Betula papyrifera","",49.13174,-121.22304,"Canada","NA","Least concern"
"202","UBC","Birch","Betula papyrifera","",49.13174,-121.22304,"Canada","NA","Least concern"
"203","UBC","Birch","Betula papyrifera","",49.13174,-121.22304,"Canada","NA","Least concern"
"204","UBC","Birch","Betula papyrifera","",47.018611,-79.159167,"Canada","NA","Least concern"
"205","UBC","Birch","Betula papyrifera","",47.018611,-79.159167,"Canada","NA","Least concern"
"206","UBC","Birch","Betula papyrifera","papyrifera",49.87979,-119.71055,"Canada","NA",""
"207","UBC","Birch","Betula papyrifera","papyrifera",49.87979,-119.71055,"Canada","NA",""
"208","UBC","Birch","Betula papyrifera","",47.018611,-79.159167,"Canada","NA","Least concern"
"209","UBC","Birch","Betula papyrifera","",NA,NA,"","NA","Least concern"
"210","UBC","Birch","Betula papyrifera","",49.13174,-121.22304,"Canada","NA","Least concern"
"211","UBC","Birch","Betula papyrifera","",47.018611,-79.159167,"Canada","NA","Least concern"
"212","UBC","Birch","Betula papyrifera","",47.018611,-79.159167,"Canada","NA","Least concern"
"213","UBC","Birch","Betula papyrifera","papyrifera",49.87979,-119.71055,"Canada","NA",""
"214","UBC","Birch","Betula papyrifera","papyrifera",49.87979,-119.71055,"Canada","NA",""
"215","UBC","Birch","Betula papyrifera","papyrifera",49.87979,-119.71055,"Canada","NA",""
"216","UBC","Hickory","Carya cordiformis","",43.153149,-81.809943,"Canada","NA",""
"217","UBC","Hickory","Carya cordiformis","",43.153149,-81.809943,"Canada","NA",""
"218","UBC","Hickory","Carya cordiformis","",43.153149,-81.809943,"Canada","NA",""
"219","UBC","Hickory","Carya cordiformis","",43.153149,-81.809943,"Canada","NA",""
"220","UBC","Hickory","Carya glabra","",NA,NA,"Canada","NA",""
"221","UBC","Hickory","Carya glabra","",NA,NA,"Canada","NA",""
"222","UBC","Hickory","Carya glabra","",43.24898,-80.371414,"Canada","NA",""
"223","UBC","Hickory","Carya glabra","",NA,NA,"Canada","NA",""
"224","UBC","Hickory","Carya laciniosa","",NA,NA,"Canada","NA",""
"225","UBC","Hickory","Carya laciniosa","",NA,NA,"Canada","NA",""
"226","UBC","Hickory","Carya laciniosa","",NA,NA,"Canada","NA",""
"227","UBC","Hickory","Carya laciniosa","",NA,NA,"Canada","NA",""
"228","UBC","Hickory","Carya laciniosa","",NA,NA,"Canada","NA",""
"229","UBC","Hickory","Carya laciniosa","",NA,NA,"Canada","NA",""
"230","UBC","Hickory","Carya laciniosa","",NA,NA,"Canada","NA",""
"231","UBC","Hickory","Carya ovata","",42.669367,-81.171757,"Canada","NA",""
"232","UBC","Hickory","Carya ovata","",42.669367,-81.171757,"Canada","NA",""
"233","UBC","Hickory","Carya ovata","",NA,NA,"Canada","NA",""
"234","UBC","Hickory","Carya ovata","",NA,NA,"Canada","NA",""
"235","UBC","Hickory","Carya tomentosa","",NA,NA,"United States of America","NA",""
"236","UBC","Hickory","Carya tomentosa","",NA,NA,"United States of America","NA",""
"237","UBC","Hickory","Carya tomentosa","",NA,NA,"United States of America","NA",""
"238","UBC","Hickory","Carya tomentosa","",NA,NA,"United States of America","NA",""
"239","UBC","Ornamental Hackberry","Celtis occidentalis","",42.25,-72.616667,"United States of America","NA",""
"240","UBC","Ornamental Hackberry","Celtis occidentalis","",42.25,-72.616667,"United States of America","NA",""
"241","UBC","Ornamental Hackberry","Celtis occidentalis","",42.25,-72.616667,"United States of America","NA",""
"242","UBC","Strawberry","Comarum palustre","",NA,NA,"Canada","NA",""
"243","UBC","Hazelnut","Corylus americana","",NA,NA,"United States of America","NA","Least concern"
"244","UBC","Hazelnut","Corylus americana","",NA,NA,"United States of America","NA","Least concern"
"245","UBC","Hazelnut","Corylus americana","",NA,NA,"United States of America","NA","Least concern"
"246","UBC","Hazelnut","Corylus americana","",NA,NA,"United States of America","NA","Least concern"
"247","UBC","Hazelnut","Corylus cornuta","",46.965753,-79.998474,"Canada","NA",""
"248","UBC","Hazelnut","Corylus cornuta"," californica",NA,NA,"","NA",""
"249","UBC","Hazelnut","Corylus cornuta"," californica",NA,NA,"","NA",""
"250","UBC","Hazelnut","Corylus cornuta"," californica",NA,NA,"","NA",""
"251","UBC","Hazelnut","Corylus cornuta"," californica",NA,NA,"","NA",""
"252","UBC","Hazelnut","Corylus cornuta"," californica",NA,NA,"","NA",""
"253","UBC","Strawberry","Dasiphora fruticosa","",NA,NA,"","NA",""
"254","UBC","Strawberry","Dasiphora fruticosa","Yellow Gem'",NA,NA,"","NA",""
"255","UBC","Strawberry","Dasiphora fruticosa","",NA,NA,"","NA",""
"256","UBC","Strawberry","Dasiphora fruticosa","Gold Drop'",NA,NA,"","NA",""
"257","UBC","Strawberry","Dasiphora fruticosa","Yellow Gem'",NA,NA,"United States of America","NA",""
"258","UBC","Strawberry","Dasiphora fruticosa","Mt. Townsend'",NA,NA,"United States of America","NA",""
"259","UBC","Strawberry","Dasiphora fruticosa","",NA,NA,"Canada","NA",""
"260","UBC","Strawberry","Dasiphora fruticosa","",NA,NA,"","NA",""
"261","UBC","Strawberry","Dasiphora fruticosa","",NA,NA,"","NA",""
"262","UBC","Strawberry","Dasiphora fruticosa","Yellow Gem'",NA,NA,"United States of America","NA",""
"263","UBC","Strawberry","Dasiphora fruticosa","Primrose Beauty'",NA,NA,"","NA",""
"264","UBC","Strawberry","Dasiphora fruticosa","Mount Everest'",NA,NA,"","NA",""
"265","UBC","Strawberry","Dasiphora fruticosa"," floribunda",NA,NA,"Canada","NA",""
"266","UBC","Strawberry","Dasiphora fruticosa","",NA,NA,"Canada","NA",""
"267","UBC","Strawberry","Dasiphora fruticosa","",NA,NA,"United States of America","NA",""
"268","UBC","Strawberry","Dasiphora fruticosa","",NA,NA,"","NA",""
"269","UBC","Strawberry","Dasiphora fruticosa","",NA,NA,"","NA",""
"270","UBC","Bleeding Heart","Dicentra formosa","",NA,NA,"","NA",""
"271","UBC","Wild Rye","Elymus glaucus"," virescens",NA,NA,"","NA",""
"272","UBC","Wild Rye","Elymus glaucus"," glaucus",NA,NA,"Canada","NA",""
"273","UBC","Wild Rye","Elymus glaucus"," glaucus",NA,NA,"","NA",""
"274","UBC","Wild Rye","Elymus glaucus"," glaucus",NA,NA,"Canada","NA",""
"275","UBC","Wild Rye","Elymus glaucus"," glaucus",NA,NA,"Canada","NA",""
"276","UBC","Wild Rye","Elymus hystrix","",43.357335,-80.111011,"Canada","NA",""
"277","UBC","Fawn Lily","Erythronium oregonum","",NA,NA,"Canada","NA",""
"278","UBC","Fawn Lily","Erythronium oregonum","",NA,NA,"","NA",""
"279","UBC","Fawn Lily","Erythronium oregonum"," oregonum",NA,NA,"","NA",""
"280","UBC","Fawn Lily","Erythronium oregonum"," oregonum",NA,NA,"Canada","NA",""
"281","UBC","Fawn Lily","Erythronium oregonum","",NA,NA,"Canada","NA",""
"282","UBC","Fawn Lily","Erythronium oregonum"," oregonum",NA,NA,"","NA",""
"283","UBC","Beech","Fagus grandifolia","",42.668679,-81.174893,"Canada","NA",""
"284","UBC","Beech","Fagus grandifolia","",43.08266,-81.787047,"Canada","NA",""
"285","UBC","Beech","Fagus grandifolia","",43.08266,-81.787047,"Canada","NA",""
"286","UBC","Beech","Fagus grandifolia","",42.668679,-81.174893,"Canada","NA",""
"287","UBC","Beech","Fagus grandifolia","",NA,NA,"","NA",""
"288","UBC","Beech","Fagus grandifolia","",43.08266,-81.787047,"Canada","NA",""
"289","UBC","Strawberry","Fragaria chiloensis","",NA,NA,"","NA",""
"290","UBC","Strawberry","Fragaria chiloensis"," pacifica",48.520833,-124.398611,"United States of America","NA",""
"291","UBC","Strawberry","Fragaria chiloensis","",48.533333,-123.983333,"Canada","NA",""
"292","UBC","Strawberry","Fragaria chiloensis","",NA,NA,"","NA",""
"293","UBC","Strawberry","Fragaria chiloensis"," pacifica",NA,NA,"United States of America","NA",""
"294","UBC","Strawberry","Fragaria chiloensis"," pacifica",NA,NA,"United States of America","NA",""
"295","UBC","Strawberry","Fragaria chiloensis"," pacifica",48.520833,-124.398611,"United States of America","NA",""
"296","UBC","Strawberry","Fragaria chiloensis"," pacifica",NA,NA,"United States of America","NA",""
"297","UBC","Strawberry","Fragaria chiloensis","",NA,NA,"","NA",""
"298","UBC","Strawberry","Fragaria chiloensis","",NA,NA,"","NA",""
"299","UBC","Strawberry","Fragaria vesca","Variegata'",NA,NA,"","NA",""
"300","UBC","Strawberry","Fragaria vesca"," bracteata",NA,NA,"","NA",""
"301","UBC","Strawberry","Fragaria virginiana"," platypetala",NA,NA,"Canada","NA",""
"302","UBC","Strawberry","Fragaria virginiana"," glauca",NA,NA,"Canada","NA",""
"303","UBC","Strawberry","Fragaria virginiana"," platypetala",NA,NA,"Canada","NA",""
"304","UBC","Strawberry","Fragaria virginiana"," platypetala",NA,NA,"","NA",""
"305","UBC","Strawberry","Fragaria virginiana"," platypetala",NA,NA,"","NA",""
"306","UBC","Strawberry","Fragaria virginiana"," platypetala",NA,NA,"Canada","NA",""
"307","UBC","Strawberry","Fragaria x ananassa","Totem'",NA,NA,"","NA",""
"308","UBC","Strawberry","Fragaria x ananassa","Totem'",NA,NA,"","NA",""
"309","UBC","Strawberry","Fragaria x ananassa","Tristar'",NA,NA,"","NA",""
"310","UBC","Ash","Fraxinus americana","",NA,NA,"United States of America","NA","Critically Endangered"
"311","UBC","Ash","Fraxinus americana","",NA,NA,"United States of America","NA","Critically Endangered"
"312","UBC","Ash","Fraxinus americana","",43.138056,-79.179167,"Canada","NA","Critically Endangered"
"313","UBC","Ash","Fraxinus americana","",43.138056,-79.179167,"Canada","NA","Critically Endangered"
"314","UBC","Ash","Fraxinus americana","",NA,NA,"United States of America","NA","Critically Endangered"
"315","UBC","Ash","Fraxinus americana","",NA,NA,"United States of America","NA","Critically Endangered"
"316","UBC","Ash","Fraxinus americana","",43.138056,-79.179167,"Canada","NA","Critically Endangered"
"317","UBC","Ash","Fraxinus americana","",43.138056,-79.179167,"Canada","NA","Critically Endangered"
"318","UBC","Ash","Fraxinus americana","",43.138056,-79.179167,"Canada","NA","Critically Endangered"
"319","UBC","Ash","Fraxinus americana","",NA,NA,"United States of America","NA","Critically Endangered"
"320","UBC","Ash","Fraxinus americana","",NA,NA,"United States of America","NA","Critically Endangered"
"321","UBC","Ash","Fraxinus americana","",43.138056,-79.179167,"Canada","NA","Critically Endangered"
"322","UBC","Ash","Fraxinus americana","",41.611633,-81.297983,"United States of America","NA","Critically Endangered"
"323","UBC","Ash","Fraxinus americana","",41.611633,-81.297983,"United States of America","NA","Critically Endangered"
"324","UBC","Ash","Fraxinus nigra","Fallgold'",NA,NA,"","NA",""
"325","UBC","Ash","Fraxinus pennsylvanica","",NA,NA,"","NA",""
"326","UBC","Ash","Fraxinus pennsylvanica","",NA,NA,"","NA",""
"327","UBC","Ash","Fraxinus pennsylvanica","",NA,NA,"","NA",""
"328","UBC","Ash","Fraxinus pennsylvanica","",NA,NA,"","NA",""
"329","UBC","Ash","Fraxinus pennsylvanica","",NA,NA,"","NA",""
"330","UBC","Ash","Fraxinus quadrangulata","",NA,NA,"","NA","Critically Endangered"
"331","UBC","Ash","Fraxinus quadrangulata","",42.727778,-84.489167,"United States of America","NA","Critically Endangered"
"332","UBC","Blanket Flower","Gaillardia aristata","",50.76916,-121.86673,"Canada","NA",""
"333","UBC","Blanket Flower","Gaillardia aristata","",50.76916,-121.86673,"Canada","NA",""
"334","UBC","Blanket Flower","Gaillardia aristata","",NA,NA,"Canada","NA",""
"335","UBC","Witch Hazel","Hamamelis virginiana","",43.083611,-79.286944,"Canada","NA",""
"336","UBC","Witch Hazel","Hamamelis virginiana","",43.083611,-79.286944,"Canada","NA",""
"337","UBC","Witch Hazel","Hamamelis virginiana","",NA,NA,"","NA",""
"338","UBC","Witch Hazel","Hamamelis virginiana","",43.083611,-79.286944,"Canada","NA",""
"339","UBC","Witch Hazel","Hamamelis virginiana","",42.669061,-81.176117,"Canada","NA",""
"340","UBC","Sunflower","Helianthus divaricatus","",43.657008,-80.294353,"Canada","NA",""
"341","UBC","Hop","Humulus lupulus","Aureus'",NA,NA,"","NA",""
"342","UBC","Hop","Humulus lupulus","",NA,NA,"Italy","NA",""
"343","UBC","Walnut","Juglans nigra","",NA,NA,"Canada","NA",""
"344","UBC","Walnut","Juglans nigra","",43.083611,-79.286944,"Canada","NA",""
"345","UBC","Walnut","Juglans nigra","",42.632261,-81.777761,"Canada","NA",""
"346","UBC","Walnut","Juglans nigra","",43.083611,-79.286944,"Canada","NA",""
"347","UBC","Walnut","Juglans nigra","",NA,NA,"Canada","NA",""
"348","UBC","Larch","Larix laricina","",44.176667,-78.596667,"Canada","NA","Least concern"
"349","UBC","Larch","Larix laricina","",44.176667,-78.596667,"Canada","NA","Least concern"
"350","UBC","Larch","Larix laricina","",44.176667,-78.596667,"Canada","NA","Least concern"
"351","UBC","Larch","Larix laricina","",44.176667,-78.596667,"Canada","NA","Least concern"
"352","UBC","Larch","Larix laricina","",44.176667,-78.596667,"Canada","NA","Least concern"
"353","UBC","Larch","Larix laricina","",44.176667,-78.596667,"Canada","NA","Least concern"
"354","UBC","Larch","Larix lyallii","",NA,NA,"Canada","NA","Least concern"
"355","UBC","Larch","Larix occidentalis","",NA,NA,"Canada","NA","Least concern"
"356","UBC","Larch","Larix occidentalis","",50.12,-118.31,"Canada","NA","Least concern"
"357","UBC","Barley","Leymus mollis","",49.983333,-124.916667,"Canada","NA",""
"358","UBC","Lupin","Lupinus polyphyllus","pallidipes",50.916667,-118.833333,"Canada","NA",""
"359","UBC","Magnolia","Magnolia acuminata","",NA,NA,"","NA","Least concern"
"360","UBC","Magnolia","Magnolia acuminata","",NA,NA,"","NA","Least concern"
"361","UBC","Apple","Malus fusca","",49.45521,-124.34272,"Canada","NA",""
"362","UBC","Apple","Malus fusca","",NA,NA,"Canada","NA",""
"363","UBC","Apple","Malus fusca","",NA,NA,"Canada","NA",""
"364","UBC","Apple","Malus fusca","",49.45521,-124.34272,"Canada","NA",""
"365","UBC","Apple","Malus fusca","",49.45521,-124.34272,"Canada","NA",""
"366","UBC","Apple","Malus fusca","",NA,NA,"Canada","NA",""
"367","UBC","Apple","Malus fusca","",49.45521,-124.34272,"Canada","NA",""
"368","UBC","Apple","Malus fusca","",49.45521,-124.34272,"Canada","NA",""
"369","UBC","Apple","Malus fusca","",49.45521,-124.34272,"Canada","NA",""
"370","UBC","Apple","Malus fusca","",49.45521,-124.34272,"Canada","NA",""
"371","UBC","Monarda","Monarda fistulosa","",42.806667,-84.371667,"United States of America","NA",""
"372","UBC","Monarda","Monarda fistulosa","",NA,NA,"","NA",""
"373","UBC","Monarda","Monarda fistulosa","",42.666184,-81.171576,"Canada","NA",""
"374","UBC","Evening primrose","Oenothera biennis","",NA,NA,"","NA",""
"375","UBC","Proso millet","Panicum virgatum","",43.704584,-80.521013,"Canada","NA",""
"376","UBC","Proso millet","Panicum virgatum","",NA,NA,"","NA",""
"377","UBC","Proso millet","Panicum virgatum","",43.704584,-80.521013,"Canada","NA",""
"378","UBC","Proso millet","Panicum virgatum","",NA,NA,"","NA",""
"379","UBC","Spruce","Picea glauca","",NA,NA,"","NA","Least concern"
"380","UBC","Spruce","Picea glauca","",NA,NA,"","NA","Least concern"
"381","UBC","Spruce","Picea glauca","",50.416667,-116.416667,"Canada","NA","Least concern"
"382","UBC","Spruce","Picea glauca","Echiniformis'",NA,NA,"","NA",""
"383","UBC","Spruce","Picea mariana","",NA,NA,"","NA","Least concern"
"384","UBC","Spruce","Picea rubens","",36.095303,-82.428611,"United States of America","NA","Least concern"
"385","UBC","Spruce","Picea rubens","",36.095303,-82.428611,"United States of America","NA","Least concern"
"386","UBC","Spruce","Picea rubens","",36.095303,-82.428611,"United States of America","NA","Least concern"
"387","UBC","Spruce","Picea rubens","",36.095303,-82.428611,"United States of America","NA","Least concern"
"388","UBC","Spruce","Picea sitchensis","",48.66155,-124.69592,"Canada","NA","Least concern"
"389","UBC","Spruce","Picea sitchensis","",48.66155,-124.69592,"Canada","NA","Least concern"
"390","UBC","Spruce","Picea sitchensis","Bentham's Sunlight'",NA,NA,"Canada","NA",""
"391","UBC","Spruce","Picea sitchensis","",48.66155,-124.69592,"Canada","NA","Least concern"
"392","UBC","Spruce","Picea sitchensis","",49.75,-123.116667,"Canada","NA","Least concern"
"393","UBC","Spruce","Picea sitchensis","",48.66155,-124.69592,"Canada","NA","Least concern"
"394","UBC","Spruce","Picea sitchensis","",48.66155,-124.69592,"Canada","NA","Least concern"
"395","UBC","Spruce","Picea sitchensis","",48.66155,-124.69592,"Canada","NA","Least concern"
"396","UBC","Spruce","Picea sitchensis","",48.66155,-124.69592,"Canada","NA","Least concern"
"397","UBC","Spruce","Picea sitchensis","",48.66155,-124.69592,"Canada","NA","Least concern"
"398","UBC","Spruce","Picea sitchensis","",48.66155,-124.69592,"Canada","NA","Least concern"
"399","UBC","Spruce","Picea sitchensis","",48.66155,-124.69592,"Canada","NA","Least concern"
"400","UBC","Spruce","Picea sitchensis","",48.66155,-124.69592,"Canada","NA","Least concern"
"401","UBC","Spruce","Picea sitchensis","",48.66155,-124.69592,"Canada","NA","Least concern"
"402","UBC","Spruce","Picea sitchensis","",NA,NA,"","NA","Least concern"
"403","UBC","Spruce","Picea sitchensis","",49.383333,-121.383333,"Canada","NA","Least concern"
"404","UBC","Spruce","Picea sitchensis","",48.66155,-124.69592,"Canada","NA","Least concern"
"405","UBC","Spruce","Picea sitchensis","",48.66155,-124.69592,"Canada","NA","Least concern"
"406","UBC","Spruce","Picea sitchensis","",48.66155,-124.69592,"Canada","NA","Least concern"
"407","UBC","Pine","Pinus contorta","",NA,NA,"","NA","Least concern"
"408","UBC","Pine","Pinus contorta","",NA,NA,"","NA","Least concern"
"409","UBC","Pine","Pinus contorta","contorta",49.13139,-123.93438,"Canada","NA",""
"410","UBC","Pine","Pinus contorta","contorta",49.13139,-123.93438,"Canada","NA",""
"411","UBC","Pine","Pinus contorta","contorta",NA,NA,"","NA",""
"412","UBC","Pine","Pinus contorta","latifolia",49.216667,-119.833333,"Canada","NA",""
"413","UBC","Pine","Pinus contorta","contorta",49.13139,-123.93438,"Canada","NA",""
"414","UBC","Pine","Pinus contorta","contorta",NA,NA,"","NA",""
"415","UBC","Pine","Pinus contorta","contorta",49.13139,-123.93438,"Canada","NA",""
"416","UBC","Pine","Pinus contorta","Spaan's Dwarf'",NA,NA,"","NA",""
"417","UBC","Pine","Pinus contorta","contorta",49.13139,-123.93438,"Canada","NA",""
"418","UBC","Pine","Pinus contorta","Minima'",NA,NA,"","NA",""
"419","UBC","Pine","Pinus contorta","contorta",49.13139,-123.93438,"Canada","NA",""
"420","UBC","Pine","Pinus contorta","Spaan's Dwarf'",NA,NA,"","NA",""
"421","UBC","Pine","Pinus contorta","Minima'",NA,NA,"","NA",""
"422","UBC","Pine","Pinus contorta","contorta",NA,NA,"Canada","NA",""
"423","UBC","Pine","Pinus contorta","contorta",49.416667,-122.966667,"Canada","NA",""
"424","UBC","Pine","Pinus contorta","contorta",49.13139,-123.93438,"Canada","NA",""
"425","UBC","Pine","Pinus contorta","contorta",49.13139,-123.93438,"Canada","NA",""
"426","UBC","Pine","Pinus contorta","contorta",49.13139,-123.93438,"Canada","NA",""
"427","UBC","Pine","Pinus contorta","contorta",49.416667,-122.966667,"Canada","NA",""
"428","UBC","Pine","Pinus contorta","contorta",49.13139,-123.93438,"Canada","NA",""
"429","UBC","Pine","Pinus flexilis","",50.42,-114.54,"Canada","NA","Least concern"
"430","UBC","Pine","Pinus flexilis","",50.42,-114.54,"Canada","NA","Least concern"
"431","UBC","Pine","Pinus resinosa","",NA,NA,"Canada","NA","Least concern"
"432","UBC","Pine","Pinus rigida","",NA,NA,"","NA","Least concern"
"433","UBC","Pine","Pinus strobus","",NA,NA,"","NA","Least concern"
"434","UBC","Pine","Pinus strobus","Blue Shag'",NA,NA,"","NA",""
"435","UBC","Pine","Pinus strobus","",46.930254,-80.098789,"Canada","NA","Least concern"
"436","UBC","Pine","Pinus strobus","",NA,NA,"","NA","Least concern"
"437","UBC","Poplar","Populus tremuloides","",49.033333,-119.5,"Canada","NA",""
"438","UBC","Poplar","Populus trichocarpa","",49.166667,-122.833333,"Canada","NA",""
"439","UBC","Heal All","Prunella vulgaris","",NA,NA,"","NA",""
"440","UBC","Cherry","Prunus emarginata","",NA,NA,"","NA",""
"441","UBC","Cherry","Prunus emarginata","",48.95804,-124.70638,"Canada","NA",""
"442","UBC","Cherry","Prunus emarginata","",NA,NA,"","NA",""
"443","UBC","Cherry","Prunus emarginata","",48.95804,-124.70638,"Canada","NA",""
"444","UBC","Apricot","Prunus maritima","",NA,NA,"United States of America","NA",""
"445","UBC","Apricot","Prunus maritima","",NA,NA,"United States of America","NA",""
"446","UBC","Apricot","Prunus maritima","",NA,NA,"United States of America","NA",""
"447","UBC","Apricot","Prunus maritima","",NA,NA,"United States of America","NA",""
"448","UBC","Apricot","Prunus maritima","",NA,NA,"United States of America","NA",""
"449","UBC","Cherry","Prunus serotina","",NA,NA,"","NA",""
"450","UBC","Cherry","Prunus serotina","",NA,NA,"Canada","NA",""
"451","UBC","Cherry","Prunus serotina","",NA,NA,"Canada","NA",""
"452","UBC","Cherry","Prunus serotina","",42.667828,-81.171038,"Canada","NA",""
"453","UBC","Cherry","Prunus serotina","",NA,NA,"Canada","NA",""
"454","UBC","Cherry","Prunus serotina","",42.667828,-81.171038,"Canada","NA",""
"455","UBC","Cherry","Prunus serotina","",NA,NA,"Canada","NA",""
"456","UBC","Cherry","Prunus serotina","",42.667828,-81.171038,"Canada","NA",""
"457","UBC","Cherry","Prunus virginiana","",NA,NA,"Canada","NA",""
"458","UBC","Cherry","Prunus virginiana","",43.704584,-80.521013,"Canada","NA",""
"459","UBC","Douglas fir","Pseudotsuga menziesii","menziesii",NA,NA,"","NA",""
"460","UBC","Douglas fir","Pseudotsuga menziesii","menziesii",NA,NA,"","NA",""
"461","UBC","Douglas fir","Pseudotsuga menziesii","glauca",NA,NA,"","NA",""
"462","UBC","Douglas fir","Pseudotsuga menziesii","menziesii",NA,NA,"Canada","NA",""
"463","UBC","Douglas fir","Pseudotsuga menziesii","glauca",NA,NA,"","NA",""
"464","UBC","Douglas fir","Pseudotsuga menziesii","menziesii",NA,NA,"","NA",""
"465","UBC","Douglas fir","Pseudotsuga menziesii","menziesii",NA,NA,"Canada","NA",""
"466","UBC","Douglas fir","Pseudotsuga menziesii","glauca",NA,NA,"","NA",""
"467","UBC","Douglas fir","Pseudotsuga menziesii","glauca",NA,NA,"","NA",""
"468","UBC","Douglas fir","Pseudotsuga menziesii","glauca",NA,NA,"","NA",""
"469","UBC","Douglas fir","Pseudotsuga menziesii","menziesii",NA,NA,"Canada","NA",""
"470","UBC","Douglas fir","Pseudotsuga menziesii","glauca",NA,NA,"","NA",""
"471","UBC","Douglas fir","Pseudotsuga menziesii","Yahoo'",NA,NA,"","NA",""
"472","UBC","Douglas fir","Pseudotsuga menziesii","glauca",NA,NA,"","NA",""
"473","UBC","Oak","Quercus alba","",NA,NA,"Canada","NA",""
"474","UBC","Oak","Quercus alba","",NA,NA,"","NA",""
"475","UBC","Oak","Quercus alba","",NA,NA,"Canada","NA",""
"476","UBC","Oak","Quercus alba","",NA,NA,"Canada","NA",""
"477","UBC","Oak","Quercus bicolor","",NA,NA,"Canada","NA",""
"478","UBC","Oak","Quercus bicolor","",NA,NA,"Canada","NA",""
"479","UBC","Oak","Quercus bicolor","",NA,NA,"Canada","NA",""
"480","UBC","Oak","Quercus bicolor","",NA,NA,"Canada","NA",""
"481","UBC","Oak","Quercus bicolor","",NA,NA,"Canada","NA",""
"482","UBC","Oak","Quercus bicolor","",NA,NA,"Canada","NA",""
"483","UBC","Oak","Quercus bicolor","",NA,NA,"Canada","NA",""
"484","UBC","Oak","Quercus bicolor","",NA,NA,"Canada","NA",""
"485","UBC","Oak","Quercus bicolor","",NA,NA,"Canada","NA",""
"486","UBC","Oak","Quercus bicolor","",NA,NA,"Canada","NA",""
"487","UBC","Oak","Quercus garryana","garryana",NA,NA,"Canada","NA",""
"488","UBC","Oak","Quercus garryana","garryana",NA,NA,"Canada","NA",""
"489","UBC","Oak","Quercus garryana","garryana",NA,NA,"Canada","NA",""
"490","UBC","Oak","Quercus garryana","garryana",NA,NA,"Canada","NA",""
"491","UBC","Oak","Quercus garryana","garryana",NA,NA,"Canada","NA",""
"492","UBC","Oak","Quercus garryana","garryana",NA,NA,"Canada","NA",""
"493","UBC","Oak","Quercus garryana","garryana",NA,NA,"Canada","NA",""
"494","UBC","Oak","Quercus garryana","garryana",NA,NA,"Canada","NA",""
"495","UBC","Oak","Quercus garryana","garryana",NA,NA,"Canada","NA",""
"496","UBC","Oak","Quercus garryana","garryana",NA,NA,"Canada","NA",""
"497","UBC","Oak","Quercus garryana","garryana",NA,NA,"Canada","NA",""
"498","UBC","Oak","Quercus garryana","garryana",NA,NA,"Canada","NA",""
"499","UBC","Oak","Quercus garryana","garryana",NA,NA,"Canada","NA",""
"500","UBC","Oak","Quercus garryana","garryana",NA,NA,"Canada","NA",""
"501","UBC","Oak","Quercus garryana","garryana",NA,NA,"Canada","NA",""
"502","UBC","Oak","Quercus garryana","breweri",NA,NA,"United States of America","NA",""
"503","UBC","Oak","Quercus garryana","garryana",NA,NA,"Canada","NA",""
"504","UBC","Oak","Quercus garryana","garryana",NA,NA,"Canada","NA",""
"505","UBC","Oak","Quercus garryana","garryana",NA,NA,"Canada","NA",""
"506","UBC","Oak","Quercus garryana","garryana",NA,NA,"Canada","NA",""
"507","UBC","Oak","Quercus garryana","garryana",NA,NA,"Canada","NA",""
"508","UBC","Oak","Quercus garryana","garryana",NA,NA,"Canada","NA",""
"509","UBC","Oak","Quercus garryana","garryana",NA,NA,"Canada","NA",""
"510","UBC","Oak","Quercus garryana","garryana",NA,NA,"Canada","NA",""
"511","UBC","Oak","Quercus garryana","garryana",NA,NA,"Canada","NA",""
"512","UBC","Oak","Quercus garryana","",NA,NA,"Canada","NA",""
"513","UBC","Oak","Quercus garryana","garryana",NA,NA,"Canada","NA",""
"514","UBC","Oak","Quercus garryana","garryana",NA,NA,"Canada","NA",""
"515","UBC","Oak","Quercus garryana","garryana",NA,NA,"Canada","NA",""
"516","UBC","Oak","Quercus garryana","garryana",NA,NA,"Canada","NA",""
"517","UBC","Oak","Quercus garryana","garryana",NA,NA,"Canada","NA",""
"518","UBC","Oak","Quercus garryana","garryana",NA,NA,"Canada","NA",""
"519","UBC","Oak","Quercus garryana","breweri",NA,NA,"United States of America","NA",""
"520","UBC","Oak","Quercus garryana","garryana",NA,NA,"Canada","NA",""
"521","UBC","Oak","Quercus garryana","garryana",NA,NA,"Canada","NA",""
"522","UBC","Oak","Quercus garryana","garryana",NA,NA,"Canada","NA",""
"523","UBC","Oak","Quercus garryana","breweri",NA,NA,"United States of America","NA",""
"524","UBC","Oak","Quercus garryana","garryana",NA,NA,"Canada","NA",""
"525","UBC","Oak","Quercus garryana","garryana",NA,NA,"Canada","NA",""
"526","UBC","Oak","Quercus garryana","garryana",NA,NA,"Canada","NA",""
"527","UBC","Oak","Quercus garryana","garryana",NA,NA,"Canada","NA",""
"528","UBC","Oak","Quercus garryana","garryana",NA,NA,"Canada","NA",""
"529","UBC","Oak","Quercus garryana","",NA,NA,"","NA",""
"530","UBC","Oak","Quercus garryana","garryana",NA,NA,"Canada","NA",""
"531","UBC","Oak","Quercus garryana","garryana",NA,NA,"Canada","NA",""
"532","UBC","Oak","Quercus garryana","garryana",NA,NA,"Canada","NA",""
"533","UBC","Oak","Quercus garryana","garryana",NA,NA,"Canada","NA",""
"534","UBC","Oak","Quercus garryana","garryana",NA,NA,"Canada","NA",""
"535","UBC","Oak","Quercus garryana","garryana",NA,NA,"Canada","NA",""
"536","UBC","Oak","Quercus garryana","breweri",NA,NA,"United States of America","NA",""
"537","UBC","Oak","Quercus garryana","",NA,NA,"","NA",""
"538","UBC","Oak","Quercus garryana","garryana",NA,NA,"Canada","NA",""
"539","UBC","Oak","Quercus garryana","garryana",NA,NA,"Canada","NA",""
"540","UBC","Oak","Quercus garryana","breweri",NA,NA,"United States of America","NA",""
"541","UBC","Oak","Quercus garryana","garryana",NA,NA,"Canada","NA",""
"542","UBC","Oak","Quercus garryana","garryana",NA,NA,"Canada","NA",""
"543","UBC","Oak","Quercus garryana","breweri",NA,NA,"United States of America","NA",""
"544","UBC","Oak","Quercus garryana","breweri",NA,NA,"United States of America","NA",""
"545","UBC","Oak","Quercus garryana","breweri",42.229944,-123.703389,"United States of America","NA",""
"546","UBC","Oak","Quercus garryana","garryana",NA,NA,"Canada","NA",""
"547","UBC","Oak","Quercus garryana","garryana",NA,NA,"Canada","NA",""
"548","UBC","Oak","Quercus garryana","garryana",NA,NA,"Canada","NA",""
"549","UBC","Oak","Quercus garryana","breweri",42.0445,-123.74775,"United States of America","NA",""
"550","UBC","Oak","Quercus garryana","garryana",NA,NA,"Canada","NA",""
"551","UBC","Oak","Quercus garryana","garryana",NA,NA,"Canada","NA",""
"552","UBC","Oak","Quercus garryana","garryana",NA,NA,"Canada","NA",""
"553","UBC","Oak","Quercus garryana","garryana",NA,NA,"Canada","NA",""
"554","UBC","Oak","Quercus garryana","garryana",NA,NA,"Canada","NA",""
"555","UBC","Oak","Quercus palustris","",NA,NA,"Canada","NA",""
"556","UBC","Oak","Quercus palustris","",NA,NA,"Canada","NA",""
"557","UBC","Oak","Quercus palustris","",NA,NA,"Canada","NA",""
"558","UBC","Oak","Quercus palustris","",NA,NA,"Canada","NA",""
"559","UBC","Oak","Quercus palustris","",NA,NA,"United States of America","NA",""
"560","UBC","Oak","Quercus palustris","",NA,NA,"Canada","NA",""
"561","UBC","Oak","Quercus rubra","",NA,NA,"Canada","NA",""
"562","UBC","Oak","Quercus rubra","",NA,NA,"Canada","NA",""
"563","UBC","Oak","Quercus rubra","",NA,NA,"Canada","NA",""
"564","UBC","Oak","Quercus rubra","",NA,NA,"Canada","NA",""
"565","UBC","Oak","Quercus rubra","",NA,NA,"Canada","NA",""
"566","UBC","Oak","Quercus rubra","",NA,NA,"Canada","NA",""
"567","UBC","Oak","Quercus rubra","",NA,NA,"Canada","NA",""
"568","UBC","Oak","Quercus rubra","",NA,NA,"Canada","NA",""
"569","UBC","Oak","Quercus rubra","",NA,NA,"Canada","NA",""
"570","UBC","Oak","Quercus rubra","",NA,NA,"Canada","NA",""
"571","UBC","Oak","Quercus rubra","",NA,NA,"","NA",""
"572","UBC","Oak","Quercus rubra","",NA,NA,"Canada","NA",""
"573","UBC","Oak","Quercus rubra","",NA,NA,"Canada","NA",""
"574","UBC","Oak","Quercus rubra","",NA,NA,"Canada","NA",""
"575","UBC","Oak","Quercus rubra","",NA,NA,"Canada","NA",""
"576","UBC","Oak","Quercus rubra","",NA,NA,"Canada","NA",""
"577","UBC","Oak","Quercus rubra","",NA,NA,"Canada","NA",""
"578","UBC","Oak","Quercus rubra","",NA,NA,"","NA",""
"579","UBC","Oak","Quercus rubra","",NA,NA,"Canada","NA",""
"580","UBC","Oak","Quercus rubra","",NA,NA,"Canada","NA",""
"581","UBC","Oak","Quercus rubra","",NA,NA,"Canada","NA",""
"582","UBC","Oak","Quercus rubra","",NA,NA,"","NA",""
"583","UBC","Oak","Quercus rubra","",NA,NA,"","NA",""
"584","UBC","Oak","Quercus velutina","",NA,NA,"Canada","NA",""
"585","UBC","Oak","Quercus velutina","",NA,NA,"","NA",""
"586","UBC","Oak","Quercus velutina","",NA,NA,"Canada","NA",""
"587","UBC","Oak","Quercus velutina","",NA,NA,"Canada","NA",""
"588","UBC","Oak","Quercus velutina","",NA,NA,"Canada","NA",""
"589","UBC","Oak","Quercus velutina","",NA,NA,"Canada","NA",""
"590","UBC","Oak","Quercus velutina","",NA,NA,"Canada","NA",""
"591","UBC","Oak","Quercus velutina","",NA,NA,"Canada","NA",""
"592","UBC","Oak","Quercus velutina","",NA,NA,"Canada","NA",""
"593","UBC","Oak","Quercus velutina","",NA,NA,"Canada","NA",""
"594","UBC","Oak","Quercus velutina","",NA,NA,"Canada","NA",""
"595","UBC","Oak","Quercus velutina","",NA,NA,"Canada","NA",""
"596","UBC","Oak","Quercus velutina","",NA,NA,"Canada","NA",""
"597","UBC","Oak","Quercus velutina","",NA,NA,"Canada","NA",""
"598","UBC","Oak","Quercus velutina","",NA,NA,"Canada","NA",""
"599","UBC","Oak","Quercus velutina","",NA,NA,"Canada","NA",""
"600","UBC","Oak","Quercus velutina","",NA,NA,"Canada","NA",""
"601","UBC","Currant","Ribes aureum","villosum 'Crandall'",NA,NA,"","NA",""
"602","UBC","Currant","Ribes aureum","",NA,NA,"","NA",""
"603","UBC","Currant","Ribes bracteosum","",48.866,-124.64004,"Canada","NA",""
"604","UBC","Currant","Ribes bracteosum","",48.866,-124.64004,"Canada","NA",""
"605","UBC","Currant","Ribes bracteosum","",48.866,-124.64004,"Canada","NA",""
"606","UBC","Currant","Ribes bracteosum","",48.866,-124.64004,"Canada","NA",""
"607","UBC","Currant","Ribes bracteosum","",48.866,-124.64004,"Canada","NA",""
"608","UBC","Currant","Ribes bracteosum","",48.866,-124.64004,"Canada","NA",""
"609","UBC","Currant","Ribes bracteosum","",48.866,-124.64004,"Canada","NA",""
"610","UBC","Currant","Ribes bracteosum","",48.866,-124.64004,"Canada","NA",""
"611","UBC","Currant","Ribes bracteosum","",48.866,-124.64004,"Canada","NA",""
"612","UBC","Currant","Ribes cereum","",NA,NA,"Canada","NA",""
"613","UBC","Currant","Ribes cereum","",NA,NA,"Canada","NA",""
"614","UBC","Currant","Ribes cereum","",NA,NA,"Canada","NA",""
"615","UBC","Currant","Ribes divaricatum","",NA,NA,"","NA",""
"616","UBC","Currant","Ribes lacustre","",53.25,-132.15,"Canada","NA",""
"617","UBC","Currant","Ribes lacustre","",53.25,-132.15,"Canada","NA",""
"618","UBC","Currant","Ribes lobbii","",NA,NA,"Canada","NA",""
"619","UBC","Currant","Ribes lobbii","",NA,NA,"Canada","NA",""
"620","UBC","Currant","Ribes lobbii","",NA,NA,"Canada","NA",""
"621","UBC","Currant","Ribes sanguineum","sanguineum",NA,NA,"","NA",""
"622","UBC","Currant","Ribes sanguineum","sanguineum",NA,NA,"","NA",""
"623","UBC","Currant","Ribes sanguineum","sanguineum",NA,NA,"","NA",""
"624","UBC","Currant","Ribes sanguineum","",42.066667,-123.314722,"United States of America","NA",""
"625","UBC","Currant","Ribes sanguineum","",NA,NA,"","NA",""
"626","UBC","Currant","Ribes sanguineum","",NA,NA,"","NA",""
"627","UBC","Currant","Ribes sanguineum","sanguineum",NA,NA,"","NA",""
"628","UBC","Currant","Ribes sanguineum","sanguineum",NA,NA,"","NA",""
"629","UBC","Currant","Ribes sanguineum","White Icicle'",NA,NA,"","NA",""
"630","UBC","Currant","Ribes sanguineum","sanguineum",NA,NA,"","NA",""
"631","UBC","Currant","Ribes sanguineum","sanguineum",NA,NA,"Canada","NA",""
"632","UBC","Currant","Ribes sanguineum","",NA,NA,"","NA",""
"633","UBC","Currant","Ribes sanguineum","sanguineum",NA,NA,"","NA",""
"634","UBC","Currant","Ribes sanguineum","sanguineum",NA,NA,"","NA",""
"635","UBC","Currant","Ribes sanguineum","sanguineum",NA,NA,"","NA",""
"636","UBC","Currant","Ribes sanguineum","sanguineum",NA,NA,"Canada","NA",""
"637","UBC","Currant","Ribes sanguineum","sanguineum",NA,NA,"","NA",""
"638","UBC","Currant","Ribes sanguineum","King Edward VII'",NA,NA,"","NA",""
"639","UBC","Currant","Ribes sanguineum","",42.066667,-123.314722,"United States of America","NA",""
"640","UBC","Currant","Ribes sanguineum","sanguineum",NA,NA,"","NA",""
"641","UBC","Currant","Ribes sanguineum","sanguineum",NA,NA,"","NA",""
"642","UBC","Currant","Ribes sanguineum","",NA,NA,"","NA",""
"643","UBC","Currant","Ribes triste","",43.846918,-80.85145,"Canada","NA",""
"644","UBC","Currant","Ribes triste","",43.846918,-80.85145,"Canada","NA",""
"645","UBC","Raspberry","Rubus arcticus","",NA,NA,"","NA",""
"646","UBC","Raspberry","Rubus chamaemorus","",53.926063,-132.10783,"Canada","NA",""
"647","UBC","Raspberry","Rubus idaeus","Kitsilano'",NA,NA,"","NA",""
"648","UBC","Raspberry","Rubus idaeus","Tulameen'",NA,NA,"","NA",""
"649","UBC","Raspberry","Rubus idaeus"," strigosus",50.416413,-122.237062,"Canada","NA",""
"650","UBC","Raspberry","Rubus idaeus","Nootka'",NA,NA,"","NA",""
"651","UBC","Raspberry","Rubus idaeus","Bliss'",NA,NA,"","NA",""
"652","UBC","Raspberry","Rubus idaeus"," strigosus",NA,NA,"","NA",""
"653","UBC","Raspberry","Rubus idaeus","Tulameen'",NA,NA,"","NA",""
"654","UBC","Raspberry","Rubus idaeus","Algonquin'",NA,NA,"","NA",""
"655","UBC","Raspberry","Rubus odoratus","",42.999042,-80.927139,"Canada","NA",""
"656","UBC","Raspberry","Rubus odoratus","",42.999042,-80.927139,"Canada","NA",""
"657","UBC","Raspberry","Rubus pedatus","",49.2175,-121.458611,"Canada","NA",""
"658","UBC","Raspberry","Rubus pedatus","",NA,NA,"","NA",""
"659","UBC","Raspberry","Rubus pedatus","",49.30083,-120.837373,"Canada","NA",""
"660","UBC","Raspberry","Rubus pedatus","",49.2175,-121.458611,"Canada","NA",""
"661","UBC","Raspberry","Rubus pedatus","",49.2175,-121.458611,"Canada","NA",""
"662","UBC","Raspberry","Rubus pubescens","pubescens",51.5,-121.233333,"Canada","NA",""
"663","UBC","Raspberry","Rubus pubescens","pubescens",NA,NA,"","NA",""
"664","UBC","Elderberry","Sambucus canadensis","",44.8,-65.3,"Canada","NA",""
"665","UBC","Elderberry","Sambucus canadensis","",44.8,-65.3,"Canada","NA",""
"666","UBC","Elderberry","Sambucus canadensis","",43.151389,-79.154167,"Canada","NA",""
"667","UBC","Elderberry","Sambucus canadensis","",44.8,-65.3,"Canada","NA",""
"668","UBC","Elderberry","Sambucus canadensis","",43.151389,-79.154167,"Canada","NA",""
"669","UBC","Elderberry","Sambucus racemosa"," pubens",49.15994,-121.69026,"Canada","NA",""
"670","UBC","Elderberry","Sambucus racemosa"," pubens",49.15994,-121.69026,"Canada","NA",""
"671","UBC","Elderberry","Sambucus racemosa"," pubens",49.15994,-121.69026,"Canada","NA",""
"672","UBC","Elderberry","Sambucus racemosa"," pubens",49.15994,-121.69026,"Canada","NA",""
"673","UBC","Elderberry","Sambucus racemosa"," pubens",49.15994,-121.69026,"Canada","NA",""
"674","UBC","Elderberry","Sambucus racemosa"," pubens",49.15994,-121.69026,"Canada","NA",""
"675","UBC","Elderberry","Sambucus racemosa"," pubens",49.15994,-121.69026,"Canada","NA",""
"676","UBC","Elderberry","Sambucus racemosa"," pubens",49.15994,-121.69026,"Canada","NA",""
"677","UBC","Taxus","Taxus brevifolia","",49.52706,-120.90415,"Canada","NA","Near threatened"
"678","UBC","Taxus","Taxus brevifolia","",NA,NA,"Canada","NA","Near threatened"
"679","UBC","Taxus","Taxus brevifolia","",NA,NA,"Canada","NA","Near threatened"
"680","UBC","Taxus","Taxus canadensis","",43.645166,-80.505133,"Canada","NA","Least concern"
"681","UBC","Taxus","Taxus canadensis","",43.654182,-80.537802,"Canada","NA","Least concern"
"682","UBC","Taxus","Taxus canadensis","",43.645166,-80.505133,"Canada","NA","Least concern"
"683","UBC","Taxus","Taxus canadensis","",43.645166,-80.505133,"Canada","NA","Least concern"
"684","UBC","Cedar","Thuja occidentalis","",43.384589,-80.84332,"Canada","NA","Least concern"
"685","UBC","Cedar","Thuja occidentalis","",43.384589,-80.84332,"Canada","NA","Least concern"
"686","UBC","Cedar","Thuja occidentalis","Teddy'",NA,NA,"","NA",""
"687","UBC","Cedar","Thuja occidentalis","",43.384589,-80.84332,"Canada","NA","Least concern"
"688","UBC","Cedar","Thuja occidentalis","",43.384589,-80.84332,"Canada","NA","Least concern"
"689","UBC","Cedar","Thuja occidentalis","",NA,NA,"Canada","NA","Least concern"
"690","UBC","Cedar","Thuja plicata","Excelsa'",NA,NA,"","NA",""
"691","UBC","Cedar","Thuja plicata","Excelsa'",NA,NA,"","NA",""
"692","UBC","Cedar","Thuja plicata","Excelsa'",NA,NA,"","NA",""
"693","UBC","Cedar","Thuja plicata","Excelsa'",NA,NA,"","NA",""
"694","UBC","Cedar","Thuja plicata","Excelsa'",NA,NA,"","NA",""
"695","UBC","Cedar","Thuja plicata","Filifera'",NA,NA,"","NA",""
"696","UBC","Cedar","Thuja plicata","Excelsa'",NA,NA,"","NA",""
"697","UBC","Cedar","Thuja plicata","",NA,NA,"","NA","Least concern"
"698","UBC","Cedar","Thuja plicata","Excelsa'",NA,NA,"","NA",""
"699","UBC","Cedar","Thuja plicata","Excelsa'",NA,NA,"","NA",""
"700","UBC","Cedar","Thuja plicata","Excelsa'",NA,NA,"","NA",""
"701","UBC","Cedar","Thuja plicata","",NA,NA,"","NA","Least concern"
"702","UBC","Cedar","Thuja plicata","Excelsa'",NA,NA,"","NA",""
"703","UBC","Cedar","Thuja plicata","Excelsa'",NA,NA,"","NA",""
"704","UBC","Cedar","Thuja plicata","Excelsa'",NA,NA,"","NA",""
"705","UBC","Cedar","Thuja plicata","Excelsa'",NA,NA,"","NA",""
"706","UBC","Cedar","Thuja plicata","",NA,NA,"","NA","Least concern"
"707","UBC","Cedar","Thuja plicata","Excelsa'",NA,NA,"","NA",""
"708","UBC","Cedar","Thuja plicata","Excelsa'",NA,NA,"","NA",""
"709","UBC","Cedar","Thuja plicata","Excelsa'",NA,NA,"","NA",""
"710","UBC","Cedar","Thuja plicata","Excelsa'",NA,NA,"","NA",""
"711","UBC","Cedar","Thuja plicata","Excelsa'",NA,NA,"","NA",""
"712","UBC","Cedar","Thuja plicata","Excelsa'",NA,NA,"","NA",""
"713","UBC","Linden","Tilia americana","",41.933333,-72.6,"United States of America","NA",""
"714","UBC","Hemlock","Tsuga canadensis","",42.576111,-72.892778,"United States of America","NA","Near threatened"
"715","UBC","Hemlock","Tsuga canadensis","",NA,NA,"","NA","Near threatened"
"716","UBC","Hemlock","Tsuga canadensis","Minuta'",NA,NA,"","NA",""
"717","UBC","Hemlock","Tsuga canadensis","",42.576111,-72.892778,"United States of America","NA","Near threatened"
"718","UBC","Hemlock","Tsuga canadensis","",42.576111,-72.892778,"United States of America","NA","Near threatened"
"719","UBC","Hemlock","Tsuga canadensis","",43.660471,-80.517809,"Canada","NA","Near threatened"
"720","UBC","Hemlock","Tsuga canadensis","",42.576111,-72.892778,"United States of America","NA","Near threatened"
"721","UBC","Hemlock","Tsuga canadensis","",NA,NA,"","NA","Near threatened"
"722","UBC","Hemlock","Tsuga canadensis","Abbott's Pygmy'",NA,NA,"","NA",""
"723","UBC","Hemlock","Tsuga canadensis","Jeddeloh'",NA,NA,"","NA",""
"724","UBC","Hemlock","Tsuga heterophylla","",NA,NA,"","NA","Least concern"
"725","UBC","Hemlock","Tsuga heterophylla","",NA,NA,"","NA","Least concern"
"726","UBC","Hemlock","Tsuga heterophylla","Thorsen's Weeping'",NA,NA,"","NA",""
"727","UBC","Blueberry","Vaccinium angustifolium","",48.204167,-79.518333,"Canada","NA",""
"728","UBC","Bilberry","Vaccinium corymbosum","Bluecrop'",NA,NA,"","NA",""
"729","UBC","Bilberry","Vaccinium corymbosum","Northland'",NA,NA,"","NA",""
"730","UBC","Bilberry","Vaccinium corymbosum","",42.576111,-72.892778,"United States of America","NA",""
"731","UBC","Bilberry","Vaccinium corymbosum","",42.576111,-72.892778,"United States of America","NA",""
"732","UBC","Bilberry","Vaccinium corymbosum","Bluecrop'",NA,NA,"","NA",""
"733","UBC","Bilberry","Vaccinium corymbosum","",42.576111,-72.892778,"United States of America","NA",""
"734","UBC","Bilberry","Vaccinium corymbosum","November Glo'",NA,NA,"","NA",""
"735","UBC","Blueberry","Vaccinium deliciosum","",NA,NA,"Canada","NA",""
"736","UBC","Blueberry","Vaccinium deliciosum","",49.17879,-121.67547,"Canada","NA",""
"737","UBC","Cranberry","Vaccinium macrocarpon","",49.166667,-123.166667,"Canada","NA",""
"738","UBC","Blueberry","Vaccinium membranaceum","",50.58959,-123.01795,"Canada","NA",""
"739","UBC","Blueberry","Vaccinium membranaceum","",50.58959,-123.01795,"Canada","NA",""
"740","UBC","Blueberry","Vaccinium membranaceum","",50.58959,-123.01795,"Canada","NA",""
"741","UBC","Blueberry","Vaccinium membranaceum","",50.58959,-123.01795,"Canada","NA",""
"742","UBC","Blueberry","Vaccinium myrtilloides","",NA,NA,"Canada","NA",""
"743","UBC","Blueberry","Vaccinium myrtilloides","",NA,NA,"Canada","NA",""
"744","UBC","Blueberry","Vaccinium myrtillus","",49.666667,-114.816667,"Canada","NA",""
"745","UBC","Blueberry","Vaccinium ovalifolium","",49.966667,-123.083333,"Canada","NA",""
"746","UBC","Blueberry","Vaccinium ovalifolium","",NA,NA,"Canada","NA",""
"747","UBC","Blueberry","Vaccinium ovalifolium","",NA,NA,"Canada","NA",""
"748","UBC","Blueberry","Vaccinium ovalifolium","",49.666667,-114.816667,"Canada","NA",""
"749","UBC","Blueberry","Vaccinium ovalifolium","",NA,NA,"Canada","NA",""
"750","UBC","Blueberry","Vaccinium ovatum","",NA,NA,"","NA",""
"751","UBC","Blueberry","Vaccinium ovatum","",49.7822,-124.5985,"Canada","NA",""
"752","UBC","Blueberry","Vaccinium ovatum","",NA,NA,"","NA",""
"753","UBC","Blueberry","Vaccinium ovatum","",49.7822,-124.5985,"Canada","NA",""
"754","UBC","Blueberry","Vaccinium ovatum","",NA,NA,"","NA",""
"755","UBC","Blueberry","Vaccinium ovatum","",49.7822,-124.5985,"Canada","NA",""
"756","UBC","Blueberry","Vaccinium ovatum","",49.7822,-124.5985,"Canada","NA",""
"757","UBC","Blueberry","Vaccinium ovatum","",49.7822,-124.5985,"Canada","NA",""
"758","UBC","Blueberry","Vaccinium ovatum","",49.7822,-124.5985,"Canada","NA",""
"759","UBC","Blueberry","Vaccinium ovatum","Thunderbird'",49.15,-125.916667,"Canada","NA",""
"760","UBC","Blueberry","Vaccinium ovatum","",49.7822,-124.5985,"Canada","NA",""
"761","UBC","Blueberry","Vaccinium ovatum","",49.7822,-124.5985,"Canada","NA",""
"762","UBC","Blueberry","Vaccinium ovatum","Thunderbird'",49.15,-125.916667,"Canada","NA",""
"763","UBC","Blueberry","Vaccinium ovatum","Thunderbird'",49.15,-125.916667,"Canada","NA",""
"764","UBC","Blueberry","Vaccinium ovatum","",NA,NA,"","NA",""
"765","UBC","Blueberry","Vaccinium ovatum","Thunderbird'",49.15,-125.916667,"Canada","NA",""
"766","UBC","Blueberry","Vaccinium ovatum","Thunderbird'",49.15,-125.916667,"Canada","NA",""
"767","UBC","Blueberry","Vaccinium ovatum","",49.7822,-124.5985,"Canada","NA",""
"768","UBC","Blueberry","Vaccinium ovatum","",49.7822,-124.5985,"Canada","NA",""
"769","UBC","Cranberry","Vaccinium oxycoccos","",53.926063,-132.10783,"Canada","NA",""
"770","UBC","Blueberry","Vaccinium parvifolium","",NA,NA,"","NA",""
"771","UBC","Blueberry","Vaccinium stamineum","",42.241667,-72.647778,"United States of America","NA",""
"772","UBC","Blueberry","Vaccinium stamineum","",42.241667,-72.647778,"United States of America","NA",""
"773","UBC","Blueberry","Vaccinium stamineum","",42.241667,-72.647778,"United States of America","NA",""
"774","UBC","Blueberry","Vaccinium stamineum","",42.241667,-72.647778,"United States of America","NA",""
"775","UBC","Blueberry","Vaccinium stamineum","",42.241667,-72.647778,"United States of America","NA",""
"776","UBC","Blueberry","Vaccinium uliginosum","",57.05,-122.95,"Canada","NA",""
"777","UBC","Blueberry","Vaccinium uliginosum","",49.216667,-123,"Canada","NA",""
"778","UBC","Blueberry","Vaccinium uliginosum","",NA,NA,"","NA",""
"779","UBC","Blueberry","Vaccinium uliginosum","",58.666667,-124.883333,"Canada","NA",""
"780","UBC","Lingonberry","Vaccinium vitis-idaea","",NA,NA,"","NA",""
"781","UBC","Cranberry","Viburnum acerifolium","",42.669788,-81.172849,"Canada","NA",""
"782","UBC","Cranberry","Viburnum acerifolium","",NA,NA,"United States of America","NA",""
"783","UBC","Cranberry","Viburnum acerifolium","",43.153149,-81.809943,"Canada","NA",""
"784","UBC","Cranberry","Viburnum cassinoides","",46.333333,-74.516667,"Canada","NA",""
"785","UBC","Cranberry","Viburnum cassinoides","",NA,NA,"Canada","NA",""
"786","UBC","Cranberry","Viburnum dentatum","",42.576111,-72.892778,"United States of America","NA",""
"787","UBC","Cranberry","Viburnum edule","",NA,NA,"Canada","NA",""
"788","UBC","Cranberry","Viburnum lentago","",45.166667,-67.383333,"Canada","NA",""
"789","UBC","Cranberry","Viburnum lentago","",45.166667,-67.383333,"Canada","NA",""
"790","UBC","Cranberry","Viburnum lentago","",45.166667,-67.383333,"Canada","NA",""
"791","UBC","Cranberry","Viburnum lentago","",45.166667,-67.383333,"Canada","NA",""
