CROP,CROP.WILD.RELATIVE,GENEPOOL,GRAFTSTOCK,TRAIT,ONTOLOGY,BREEDING.TYPE
Achira,Canna indica,,,,NA,
Aji,Capsicum annuum var. glabriusculum,Secondary,,,NA,
"Amaranth, Purple",Amaranthus hybridus,Tertiary,,,NA,
"Amaranth, Purple",Amaranthus retroflexus ,Secondary,,,NA,
"Amaranth, Purple",Amaranthus palmeri,Tertiary,,,NA,
"Amaranth, Purple",Amaranthus powellii ,Secondary,,Agronomic,NA,Fruit/Seed Retention (AG)
"Amaranth, Purple",Amaranthus wrightii ,Secondary,,,NA,
Apple,Malus angustifolia ,Tertiary,,,NA,
Apple,Malus coronaria,Tertiary,,,NA,
Apple,Malus fusca ,,Graftstock,Abiotic,NA,Waterlogging Tolerance (AB)
Apple,Malus ioensis ,Tertiary,,,NA,
Apricot,Prunus americana ,Progenitor,Graftstock,,NA,
Apricot,Prunus andersonii ,Tertiary,,,NA,
Apricot,Prunus angustifolia ,Tertiary,,,NA,
Apricot,Prunus fremontii,Tertiary,,,NA,
Apricot,Prunus hortulana ,Tertiary,,,NA,
Apricot,Prunus maritima ,Tertiary,,,NA,
Apricot,Prunus mexicana ,Tertiary,,,NA,
Apricot,Prunus nigra,Tertiary,,,NA,
Apricot,Prunus pumila,Tertiary,,,NA,
Apricot,Prunus subcordata,Tertiary,,,NA,
Apricot,Prunus umbellata,Tertiary,,,NA,
Apricot,Prunus rivularis ,Progenitor,Graftstock,,NA,
Apricot,Prunus geniculata ,Tertiary,,,NA,
Apricot,Prunus gracilis ,Tertiary,,,NA,
Apricot,Prunus murrayana ,Tertiary,,,NA,
Apricot,Prunus pumila var. besseyi ,Progenitor,Graftstock,,NA,
Avocado,Persea borbonia ,,Graftstock,Biotic,NA,Disease Resistance (B)
Bambara Groundnut,Vigna luteola ,Tertiary,,,NA,
Bambara Groundnut,Vigna marina ,Tertiary,,Abiotic,NA,Drought Resistance (AB)
Barley,Hordeum brachyantherum,Tertiary,,,NA,
Barley,Hordeum depressum ,Tertiary,,,NA,
Barley,Hordeum jubatum ,Tertiary,,Abiotic,NA,Salt Tolerance (AB)
Barley,Hordeum pusillum ,Tertiary,,,NA,
Barley,Leymus mollis ,Tertiary,,Biotic,NA,Disease Resistance (B)
Barley,Hordeum arizonicum,Tertiary,,,NA,
Barley,Hordeum intercedens ,Tertiary,,,NA,
Barley,Hordeum brachyantherum subsp. brachyantherum,Tertiary,,,NA,
Barley,Hordeum brachyantherum subsp. californicum ,Tertiary,,,NA,
Barley,Hordeum jubatum subsp. jubatum,Tertiary,,,NA,
Barley,Hordeum jubatum subsp. intermedium ,Tertiary,,,NA,
"Bean, Common",Phaseolus acutifolius ,Tertiary,,Biotic,NA,Disease Resistance (B)
"Bean, Common",Phaseolus acutifolius var. tenuifolius ,Tertiary,,,NA,
"Bean, Common",Phaseolus acutifolius var. acutifolius,Tertiary,,,NA,
"Bean, Common",Phaseolus angustissimus ,Tertiary,,Abiotic,NA,Cold Tolerance (AB)
"Bean, Common",Phaseolus filiformis ,Tertiary,,,NA,
"Bean, Jack-",Canavalia megalantha ,Tertiary,,,NA,
"Bean, Jack-",Canavalia brasiliensis,Tertiary,,,NA,
"Bean, Jack-",Canavalia molokaiensis ,Tertiary,,,NA,
"Bean, Jack-",Canavalia sericea,Tertiary,,,NA,
"Bean, Jack-",Canavalia pubescens ,Tertiary,,,NA,
"Bean, Jack-",Canavalia hawaiiensis ,Tertiary,,,NA,
"Bean, Lima",Phaseolus polystachios ,Tertiary,,,NA,
"Bean, Lima",Phaseolus maculatus ,Tertiary,,Biotic,NA,Disease Resistance (B)
"Bean, Sword-",Canavalia rosea,Secondary,,,NA,
"Bean, Sword-",Canavalia cathartica ,Secondary,,Agronomic,NA,Crop Quality (AG)
Beardtongue,Penstemon cobaea,Progenitor,,Agronomic,NA,Ornamental Features (AG)
Bilberry,Vaccinium cespitosum ,Primary,,,NA,
Bilberry,Vaccinium corymbosum ,Tertiary,,,NA,
Bilberry,Vaccinium deliciosum,Secondary,,,NA,
Bilberry,Vaccinium membranaceum ,Secondary,,,NA,
Bilberry,Vaccinium myrtillus ,,,,NA,
Bilberry,Vaccinium ovalifolium ,Secondary,,,NA,
Bilberry,Vaccinium parvifolium ,Secondary,,,NA,
Bilberry,Vaccinium reticulatum,Secondary,,,NA,
Bilberry,Vaccinium scoparium,Secondary,,,NA,
Bilberry,Vaccinium vitis-idaea,Secondary,,,NA,
Bilberry,Vaccinium calycinum ,Secondary,,,NA,
Bilberry,Vaccinium dentatum,Secondary,,,NA,
Blackberry,Rubus allegheniensis,Primary,,Agronomic,NA,Crop Quality (AG)
Blackberry,Rubus canadensis,Primary,,Agronomic,NA,Crop Quality (AG)
Blackberry,Rubus cuneifolius,Primary,,Agronomic,NA,Crop Quality (AG)
Blackberry,Rubus trivialis,Primary,,Abiotic,NA,Drought Resistance (AB)
Blackberry,Rubus ursinus,Primary,,Agronomic,NA,Crop Quality (AG)
Blackberry,Rubus argutus,Primary,,Agronomic,NA,Crop Quality (AG)
Blackberry,Rubus frondosus,Primary,,Abiotic,NA,Heat Tolerance (AB)
Blanket-Flower,Gaillardia aristata,Progenitor,,Agronomic,NA,Ornamental Features (AG)
Blanket-Flower,Gaillardia pulchella,Progenitor,,Agronomic,NA,Ornamental Features (AG)
Bleeding-Heart,Dicentra eximia,Progenitor,,Agronomic,NA,Ornamental Features (AG)
Bleeding-Heart,Dicentra formosa,Progenitor,,Agronomic,NA,Ornamental Features (AG)
"Blueberry, Highbush",Vaccinium angustifolium,Primary,,Agronomic,NA,Crop Quality (AG)
"Blueberry, Highbush",Vaccinium arboreum,,Graftstock,,NA,
"Blueberry, Highbush",Vaccinium caesariense,Secondary,,,NA,
"Blueberry, Highbush",Vaccinium darrowii,Secondary,,Abiotic,NA,Drought Resistance (AB)
"Blueberry, Highbush",Vaccinium elliottii,Secondary,,Abiotic,NA,Drought Resistance (AB)
"Blueberry, Highbush",Vaccinium fuscatum,Secondary,,Abiotic,NA,Cold Tolerance (AB)
"Blueberry, Highbush",Vaccinium myrsinites,Secondary,,Abiotic,NA,Edaphic (AB)
"Blueberry, Highbush",Vaccinium myrtilloides,Tertiary,,,NA,
"Blueberry, Highbush",Vaccinium ovatum,Tertiary,,,NA,
"Blueberry, Highbush",Vaccinium pallidum,Secondary,,Abiotic,NA,Drought Resistance (AB)
"Blueberry, Highbush",Vaccinium simulatum,Secondary,,Abiotic,NA,Cold Tolerance (AB)
"Blueberry, Highbush",Vaccinium tenellum,Secondary,,Abiotic,NA,Edaphic (AB)
"Blueberry, Highbush",Vaccinium uliginosum,Tertiary,,Abiotic,NA,Cold Tolerance (AB)
"Blueberry, Highbush",Vaccinium virgatum,Secondary,,Abiotic,NA,Drought Resistance (AB)
"Blueberry, Highbush",Vaccinium hirsutum,Secondary,,,NA,
"Blueberry, Highbush",Vaccinium boreale,Secondary,,Abiotic,NA,Cold Tolerance (AB)
"Blueberry, Highbush",Vaccinium formosum,Secondary,,,NA,
Bluejoint,Calamagrostis canadensis,,,,NA,
Breadfruit,Artocarpus altilis,,,,NA,
Breadfruit,Artocarpus mariannensis,Primary,,Agronomic,NA,Crop Quality (AG)
Bromegrass,Bromus carinatus var. marginatus,Secondary,,Biotic,NA,Disease Resistance (B)
Butternut,Juglans cinerea,,,,NA,
Canna,Canna flaccida,Progenitor,,Agronomic,NA,Ornamental Features (AG)
Canna,Canna glauca,Progenitor,,Agronomic,NA,Ornamental Features (AG)
Carrot,Daucus pusillus,Tertiary,,,NA,
Cassava,Manihot angustiloba,Tertiary,,Agronomic,NA,Crop Quality (AG)
Cassava,Manihot walkerae,Tertiary,,Agronomic,NA,Crop Quality (AG)
Cassava,Manihot davisiae,Tertiary,,,NA,
Centro,Centrosema molle,,,,NA,
"Cherry, Ornamental",Prunus virginiana,Tertiary,,Biotic,NA,Disease Resistance (B)
"Cherry, Sour",Prunus pensylvanica,Progenitor,Graftstock,Agronomic,NA,Cold Tolerance (AB)
"Cherry, Sweet",Prunus emarginata,,Graftstock,,NA,
"Cherry, Sweet",Prunus serotina,Tertiary,,Abiotic,NA,Cold Tolerance (AB)
Chestnut,Castanea dentata,Secondary,,,NA,
Chestnut,Castanea pumila,Secondary,,,NA,
Chestnut,Castanea ozarkensis ,Secondary,,,NA,
Citrus,Citrus x depressa,Progenitor,Graftstock,Agronomic,NA,High Yield (AG)
Cocoyam,Xanthosoma sagittifolium,,,,NA,
Cotton,Gossypium thurberi,Tertiary,,Biotic,NA,Disease Resistance (B)
Cotton,Gossypium tomentosum,Secondary,,,NA,
Cranberry,Vaccinium macrocarpon,,,,NA,
Cranberry,Vaccinium oxycoccos,Secondary,,Agronomic,NA,Crop Quality (AG)
Cranberry,Vaccinium microcarpum,Primary,,Abiotic,NA,Cold Tolerance (AB)
Cucumber,Cucumis melo subsp. agrestis var. agrestis,Tertiary,,,NA,
Cuphea,Cuphea viscosissima,Progenitor,,,NA,
Cuphea,Cuphea wrightii,Progenitor,,,NA,
"Currant, Black",Ribes americanum,Secondary,,Biotic,NA,Disease Resistance (B)
"Currant, Black",Ribes aureum,Tertiary,,,NA,
"Currant, Black",Ribes cereum,Tertiary,,,NA,
"Currant, Black",Ribes divaricatum,,Graftstock,,NA,
"Currant, Black",Ribes hudsonianum,Secondary,,Agronomic,NA,Crop Quality (AG)
"Currant, Black",Ribes oxyacanthoides,Tertiary,,,NA,
"Currant, Black",Ribes sanguineum,Secondary,,Agronomic,NA,Growth Habit (AG)
"Currant, Black",Ribes viburnifolium,Secondary,,,NA,
"Currant, Black",Ribes bracteosum,Secondary,,Agronomic,NA,Growth Habit (AG)
"Currant, Black",Ribes niveum,Tertiary,,,NA,
"Currant, Black",Ribes hudsonianum var. petiolare,Secondary,,Biotic,NA,Disease Resistance (B)
"Currant, Black",Ribes hudsonianum var. hudsonianum,Secondary,,,NA,
"Currant, Black",Ribes sanguineum var. glutinosum,Secondary,,Biotic,NA,Disease Resistance (B)
"Currant, Red",Ribes triste,Tertiary,,Abiotic,NA,Cold Tolerance (AB)
Cushaw,Cucurbita digitata,Tertiary,,,NA,
Cushaw,Cucurbita foetidissima,Tertiary,,,NA,
Cushaw,Cucurbita pepo subsp. ovifera var. texana,Secondary,,,NA,
Cushaw,Cucurbita okeechobeensis subsp. okeechobeensis,Tertiary,,,NA,
Cushaw,Cucurbita palmata,Tertiary,,,NA,
Cushaw,Cucurbita pepo subsp. ovifera var. ozarkana,Secondary,,,NA,
Custard-Apple,Annona glabra,,Graftstock,,NA,
Delphinium,Delphinium cardinale,Progenitor,,Agronomic,NA,Ornamental Features (AG)
Eggplant,Solanum torvum,,Graftstock,Abiotic,NA,Metal Tolerance (AB)
Fawn-Lily,Erythronium californicum,Progenitor,,Agronomic,NA,Ornamental Features (AG)
Fawn-Lily,Erythronium oregonum,Progenitor,,Agronomic,NA,Ornamental Features (AG)
Fawn-Lily,Erythronium tuolumnense,Progenitor,,Agronomic,NA,Ornamental Features (AG)
"Filbert, European",Corylus cornuta,Tertiary,,Biotic,NA,Disease Resistance (B)
"Filbert, European",Corylus americana,Secondary,,Biotic,NA,Disease Resistance (B)
"Filbert, European",Corylus californica,Secondary,,Fertility,NA,Gene Transfer (F)
Flax,Linum lewisii,Tertiary,,,NA,
Gooseberry,Ribes cynosbati,Secondary,,Agronomic,NA,Crop Quality (AG)
Gooseberry,Ribes hirtellum,Progenitor,,,NA,
Gooseberry,Ribes inerme,Secondary,,Agronomic,NA,Growth Habit (AG)
Gooseberry,Ribes leptanthum,Secondary,,Biotic,NA,Pest Resistance (B)
Gooseberry,Ribes missouriense,Secondary,,Biotic,NA,Disease Resistance (B)
Gooseberry,Ribes quercetorum,Secondary,,,NA,
Gooseberry,Ribes rotundifolium,Secondary,,,NA,
Gooseberry,Ribes echinellum,Secondary,,,NA,
Gooseberry,Ribes oxyacanthoides subsp. irriguum,Secondary,,,NA,
Gooseberry,Ribes oxyacanthoides subsp. setosum,Secondary,,,NA,
Gooseberry,Ribes pinetorum ,Secondary,,,NA,
Gooseberry,Ribes oxyacanthoides subsp. oxyacanthoides,Progenitor,,,NA,
Gooseberry,Ribes oxyacanthoides subsp. cognatum,Secondary,,,NA,
Gooseberry,Ribes oxyacanthoides subsp. hendersonii,Secondary,,,NA,
Gooseberry,Ribes sericeum,Secondary,,,NA,
Gooseberry,Ribes marshallii,Secondary,,,NA,
Gooseberry,Ribes lasianthum,Secondary,,,NA,
Gooseberry,Ribes tularense,Secondary,,,NA,
"Gooseberry, Cape-",Physalis pubescens,Secondary,,,NA,
"Grape, Muscadine",Vitis rotundifolia,,,,NA,
"Grape, Muscadine",Vitis rotundifolia var. rotundifolia,Primary,,,NA,
"Grape, Muscadine",Vitis rotundifolia var. munsoniana,Primary,,,NA,
"Grape, Wine",Vitis aestivalis var. aestivalis,Tertiary,,Agronomic,NA,Crop Quality (AG)
"Grape, Wine",Vitis arizonica,Tertiary,,Biotic,NA,Disease Resistance (B)
"Grape, Wine",Vitis californica,Secondary,,,NA,
"Grape, Wine",Vitis x champinii,,Graftstock,Biotic,NA,Pest Resistance (B)
"Grape, Wine",Vitis cinerea,Progenitor,Graftstock,,NA,
"Grape, Wine",Vitis labrusca,Tertiary,,Abiotic,NA,Edaphic (AB)
"Grape, Wine",Vitis riparia,,Graftstock,,NA,
"Grape, Wine",Vitis rupestris,,Graftstock,Agronomic,NA,High Yield (AG)
"Grape, Wine",Vitis tiliifolia,Progenitor,Graftstock,,NA,
"Grape, Wine",Vitis vulpina,Progenitor,Graftstock,Biotic,NA,Disease Resistance (B)
"Grape, Wine",Vitis acerifolia,,Graftstock,Abiotic,NA,Drought Resistance (AB)
"Grape, Wine",Vitis monticola,Progenitor,Graftstock,,NA,
"Grape, Wine",Vitis treleasei,Tertiary,,,NA,
"Grape, Wine",Vitis girdiana,Tertiary,,,NA,
"Grape, Wine",Vitis x slavinii,,Graftstock,Biotic,NA,Pest Resistance (B)
"Grape, Wine",Vitis aestivalis,,Graftstock,Biotic,NA,Disease Resistance (B)
"Grape, Wine",Vitis shuttleworthii,Tertiary,,Agronomic,NA,Crop Quality (AG)
"Grape, Wine",Vitis x novae-angliae,,Graftstock,Biotic,NA,Disease Resistance (B)
"Grape, Wine",Vitis aestivalis var. linsecomii,Tertiary,,Biotic,NA,Disease Resistance (B)
"Grape, Wine",Vitis cinerea var. floridana,Tertiary,,Biotic,NA,Disease Resistance (B)
"Grape, Wine",Vitis cinerea var. cinerea,Tertiary,,,NA,
"Grape, Wine",Vitis mustangensis,Progenitor,Graftstock,Biotic,NA,Pest Resistance (B)
"Grape, Wine",Vitis aestivalis var. bicolor,Tertiary,,,NA,
"Grape, Wine",Vitis cinerea var. baileyana,Tertiary,,,NA,
"Grape, Wine",Vitis cinerea var. helleri,Progenitor,Graftstock,,NA,
"Grape, Wine",Vitis palmata,,Graftstock,,NA,
"Grape, Wine",Vitis cinerea var. tomentosa,Tertiary,,,NA,
"Grass, Switch",Panicum virgatum,,,,NA,
"Grass, Switch",Panicum amarum,Secondary,,,NA,
"Grass, Switch",Panicum amarum var. amarulum,Secondary,,,NA,
"Grass, Switch",Panicum amarum var. amarum,Secondary,,,NA,
"Ground-Cherry, Low",Physalis angulata,Tertiary,,,NA,
Guava,Psidium guajava,,,,NA,
Guayule,Parthenium argentatum,,,,NA,
"Hackberry, Ornamental",Celtis occidentalis,,Graftstock,,NA,
Heal-All,Prunella vulgaris,,,,NA,
Heliconia,Heliconia caribaea,Progenitor,,,NA,
"Hickory, Chinese",Carya illinoinensis,,Graftstock,Biotic,NA,Disease Resistance (B)
Holly,Ilex opaca,Progenitor,,Agronomic,NA,Ornamental Features (AG)
Hop,Humulus lupulus,,,,NA,
Hop,Humulus lupulus var. neomexicanus,Primary,,,NA,
Hop,Humulus lupulus var. pubescens,Secondary,,,NA,
Hop,Humulus lupulus var. lupuloides,Primary,,Agronomic,NA,Crop Quality (AG)
Jerusalem-Artichoke,Helianthus grosseserratus,Progenitor,,,NA,
Jerusalem-Artichoke,Helianthus hirsutus,Progenitor,,,NA,
Jerusalem-Artichoke,Helianthus strumosus,Tertiary,,,NA,
Jerusalem-Artichoke,Helianthus tuberosus,,,,NA,
Jerusalem-Artichoke,Helianthus divaricatus,Tertiary,,,NA,
Jerusalem-Artichoke,Helianthus resinosus,Secondary,,,NA,
Jojoba,Simmondsia chinensis,,,,NA,
Leek,Allium schoenoprasum,Tertiary,,,NA,
Lettuce,Lactuca tatarica,Tertiary,,,NA,
Lettuce,Lactuca tatarica subsp. pulchella,Tertiary,,,NA,
"Lily, Water-",Nymphaea mexicana,Progenitor,,Agronomic,NA,Ornamental Features (AG)
"Lily, Water-",Nymphaea tetragona,Progenitor,,Agronomic,NA,Ornamental Features (AG)
Lupin,Lupinus polyphyllus,Progenitor,,Agronomic,NA,Ornamental Features (AG)
"Lupine, Andean",Lupinus nanus,Tertiary,,Fertility,NA,Gene Transfer (F)
"Lupine, Andean",Lupinus arizonicus,Tertiary,,Fertility,NA,Gene Transfer (F)
Magnolia,Magnolia acuminata,Progenitor,,Agronomic,NA,Ornamental Features (AG)
Magnolia,Magnolia ashei,Progenitor,,Agronomic,NA,Ornamental Features (AG)
Maize,Tripsacum dactyloides,Tertiary,,Biotic,NA,Disease Resistance (B)
Maize,Tripsacum lanceolatum,Tertiary,,,NA,
Maize,Tripsacum floridanum,Tertiary,,Agronomic,NA,High Yield (AG)
Maize,Tripsacum dactyloides var. dactyloides,Tertiary,,Biotic,NA,Pest Resistance (B)
Meadowfoam,Limnanthes alba,,,,NA,
Melon,Cucumis melo,,,,NA,
"Millet, Proso",Panicum capillare,ProbProg,,,NA,
"Millet, Proso",Panicum hallii,Tertiary,,,NA,
"Millet, Proso",Panicum hirticaule,Tertiary,,,NA,
"Millet, Proso",Panicum stramineum,Tertiary,,,NA,
"Millet, Proso",Panicum nephelophilum,Tertiary,,,NA,
"Millet, Proso",Panicum fauriei,Tertiary,,,NA,
"Mint, Corn",Mentha canadensis,Secondary,,,NA,
"Mint, Mountain-",Pycnanthemum virginianum,,,,NA,
"Passionflower, Ornamental",Passiflora foetida,Progenitor,,Agronomic,NA,Ornamental Features (AG)
"Passionflower, Ornamental",Passiflora incarnata,Progenitor,,,NA,
Peach,Prunus havardii,Tertiary,,,NA,
Pecan,Carya glabra,Secondary,,,NA,
Pecan,Carya laciniosa,Primary,,,NA,
Pecan,Carya ovata,Primary,,,NA,
Pecan,Carya tomentosa,Secondary,,,NA,
Pecan,Carya texana,Secondary,,,NA,
Pecan,Carya aquatica,Primary,,,NA,
Pecan,Carya cordiformis,Primary,,,NA,
Pecan,Carya myristiciformis,Primary,,,NA,
Pecan,Carya carolinae-septentrionalis,Primary,,,NA,
Pecan,Carya floridana,Secondary,,,NA,
Pecan,Carya ovalis,Secondary,,,NA,
Pecan,Carya pallida,Secondary,,,NA,
Pecan,Carya x ludoviciana,,Graftstock,,NA,
Pecan,Carya x lecontei,,Graftstock,Abiotic,NA,Waterlogging Tolerance (AB)
"Pepper, Capsicum",Capsicum annuum,,,,NA,
"Persimmon, Kaki",Diospyros virginiana,,Graftstock,,NA,
Pistachio,Pistacia texana,Secondary,,,NA,
"Plum, Japanese",Prunus texana,Secondary,,,NA,
"Plum, Japanese",Prunus minutiflora,Tertiary,,,NA,
Potato,Solanum stoloniferum,Secondary,,Abiotic,NA,Drought Resistance (AB)
Potato,Solanum jamesii,Tertiary,,Abiotic,NA,Heat Tolerance (AB)
"Pumpkin/Squash, Pepo",Cucurbita okeechobeensis,Secondary,,Biotic,NA,Disease Resistance (B)
"Pumpkin/Squash, Pepo",Cucurbita pepo,,,,NA,
Quinoa,Chenopodium berlandieri,Secondary,,,NA,
Quinoa,Chenopodium berlandieri subsp. berlandieri var. berlandieri,Secondary,,,NA,
Quinoa,Chenopodium neomexicanum,Tertiary,,,NA,
Quinoa,Chenopodium berlandieri subsp. berlandieri var. bushianum,Secondary,,,NA,
Quinoa,Chenopodium berlandieri subsp. berlandieri var. macrocalycium,Secondary,,,NA,
Quinoa,Chenopodium berlandieri subsp. berlandieri var. zschackei,Secondary,,,NA,
Quinoa,Chenopodium berlandieri subsp. berlandieri var. boscianum,Secondary,,,NA,
Quinoa,Chenopodium berlandieri subsp. berlandieri var. sinuatum,Secondary,,,NA,
Quinoa,Chenopodium desiccatum,Tertiary,,,NA,
Quinoa,Chenopodium watsonii,Tertiary,,,NA,
Quinoa,Chenopodium standleyanum,Tertiary,,,NA,
Quinoa,Chenopodium hians,Tertiary,,,NA,
Quinoa,Chenopodium palmeri,Tertiary,,,NA,
Rape,Physaria fendleri,Tertiary,,,NA,
"Raspberry, Black",Rubus leucodermis,Primary,,,NA,
"Raspberry, Black",Rubus neglectus,Primary,,,NA,
"Raspberry, Black",Rubus occidentalis,,,,NA,
"Raspberry, Black",Rubus flagellaris,Secondary,,,NA,
"Raspberry, Black",Rubus idaeus,Secondary,,,NA,
"Raspberry, Red",Rubus arcticus,Tertiary,,Agronomic,NA,High Yield (AG)
"Raspberry, Red",Rubus chamaemorus,Tertiary,,,NA,
"Raspberry, Red",Rubus deliciosus,Secondary,,Abiotic,NA,Cold Tolerance (AB)
"Raspberry, Red",Rubus hawaiensis,Primary,,,NA,
"Raspberry, Red",Rubus nutkanus,Secondary,,,NA,
"Raspberry, Red",Rubus odoratus,Secondary,,Agronomic,NA,High Yield (AG)
"Raspberry, Red",Rubus spectabilis,Primary,,Agronomic,NA,Crop Quality (AG)
"Raspberry, Red",Rubus neomexicanus,Secondary,,,NA,
"Raspberry, Red",Rubus idaeus subsp. strigosus,,,,NA,
Rhododendron,Rhododendron occidentale,Progenitor,,Agronomic,NA,Ornamental Features (AG)
Rhododendron,Rhododendron calendulaceum,Progenitor,,Agronomic,NA,Ornamental Features (AG)
Rhododendron,Rhododendron viscosum,Progenitor,,Agronomic,NA,Ornamental Features (AG)
Rice,Oryza latifolia,Secondary,,Agronomic,NA,High Yield (AG)
Rice,Zizania palustris,Tertiary,,,NA,
"Rice, Wild",Zizania aquatica,Secondary,,,NA,
"Rice, Wild",Zizania texana,Secondary,,,NA,
"Rice, Wild",Zizania aquatica var. aquatica,Secondary,,,NA,
"Rice, Wild",Zizania palustris var. palustris,Primary,,,NA,
"Rice, Wild",Zizania palustris var. interior,Primary,,,NA,
Rosinweed,Silphium integrifolium,,,,NA,
Rosinweed,Silphium perfoliatum,,,,NA,
Rosinweed,Silphium wasiotense,Primary,,,NA,
Soursop,Annona montana,,Graftstock,,NA,
Spiderwort,Tradescantia virginiana,Progenitor,,Agronomic,NA,Ornamental Features (AG)
Spinach,Blitum capitatum,Tertiary,,,NA,
Spinach,Blitum californicum,Tertiary,,,NA,
Spinach,Blitum nuttallianum,Tertiary,,,NA,
Spinach,Blitum spathulatum,Tertiary,,,NA,
Spinach,Blitum hastatum,Tertiary,,,NA,
Strawberry,Fragaria x ananassa,,,,NA,
Strawberry,Fragaria chiloensis,Primary,,Abiotic,NA,Cold Tolerance (AB)
Strawberry,Fragaria vesca,Tertiary,,Biotic,NA,Disease Resistance (B)
Strawberry,Fragaria virginiana,Primary,,Agronomic,NA,Crop Quality (AG)
Strawberry,Fragaria chiloensis subsp. pacifica,Primary,,,NA,
Strawberry,Fragaria virginiana subsp. glauca,Primary,,,NA,
Strawberry,Fragaria vesca subsp. americana,Tertiary,,,NA,
Strawberry,Fragaria virginiana subsp. platypetala,Primary,,,NA,
Strawberry,Fragaria vesca subsp. bracteata,Tertiary,,,NA,
Strawberry,Fragaria vesca subsp. californica,Tertiary,,,NA,
Strawberry,Fragaria virginiana subsp. virginiana,Primary,,,NA,
Strawberry,Fragaria chiloensis subsp. lucida,Primary,,,NA,
Strawberry,Fragaria chiloensis subsp. sandwicensis,Primary,,,NA,
Strawberry,Fragaria virginiana subsp. grayana,Primary,,,NA,
Strawberry,Dasiphora fruticosa,Tertiary,,,NA,
Strawberry,Fragaria vesca subsp. bracteata f. bracteata,Tertiary,,,NA,
Strawberry,Fragaria vesca subsp. bracteata f. albida,Tertiary,,,NA,
Strawberry,Fragaria vesca subsp. bracteata f. helleri,Tertiary,,,NA,
Strawberry,Fragaria x ananassa subsp. cuneifolia,Primary,,,NA,
Strawberry,Comarum palustre,Tertiary,,,NA,
Strawberry,Drymocallis glandulosa,Tertiary,,,NA,
Strawberry,Fragaria cascadensis,Secondary,,,NA,
Stylo,Stylosanthes viscosa,Secondary,,Abiotic,NA,Drought Resistance (AB)
Sugarbeet,Aphanisma blitoides,Tertiary,,,NA,
Sugarcane,Saccharum giganteum,Tertiary,,,NA,
Sugarcane,Saccharum coarctatum,Tertiary,,,NA,
Sugarcane,Saccharum brevibarbe var. contortum,Tertiary,,,NA,
Sugarcane,Saccharum brevibarbe var. brevibarbe,Tertiary,,,NA,
Sugarcane,Saccharum alopecuroides,Tertiary,,,NA,
Sugarcane,Saccharum baldwinii,Tertiary,,,NA,
Sunflower,Helianthus angustifolius,Tertiary,,Biotic,NA,Disease Resistance (B)
Sunflower,Helianthus annuus,,,Abiotic,NA,Salt Tolerance (AB)
Sunflower,Helianthus argophyllus,Secondary,,Abiotic,NA,Drought Resistance (AB)
Sunflower,Helianthus decapetalus,Tertiary,,Biotic,NA,Disease Resistance (B)
Sunflower,Helianthus giganteus,Tertiary,,Abiotic,NA,Waterlogging Tolerance (AB)
Sunflower,Helianthus x laetiflorus,Tertiary,,Agronomic,NA,Crop Quality (AG)
Sunflower,Helianthus maximiliani,Tertiary,,Abiotic,NA,Cold Tolerance (AB)
Sunflower,Helianthus mollis,Tertiary,,Biotic,NA,Disease Resistance (B)
Sunflower,Helianthus neglectus,Secondary,,Biotic,NA,Disease Resistance (B)
Sunflower,Helianthus nuttallii,Tertiary,,Agronomic,NA,Crop Quality (AG)
Sunflower,Helianthus occidentalis,Tertiary,,Biotic,NA,Disease Resistance (B)
Sunflower,Helianthus petiolaris,Secondary,,Agronomic,NA,Crop Quality (AG)
Sunflower,Helianthus pumilus,Tertiary,,Biotic,NA,Disease Resistance (B)
Sunflower,Helianthus salicifolius,Tertiary,,Agronomic,NA,Crop Quality (AG)
Sunflower,Helianthus debilis,Secondary,,Abiotic,NA,Salt Tolerance (AB)
Sunflower,Helianthus praecox,Secondary,,Agronomic,NA,Crop Quality (AG)
Sunflower,Helianthus agrestis,Tertiary,,Biotic,NA,Disease Resistance (B)
Sunflower,Helianthus anomalus,Secondary,,Abiotic,NA,Drought Resistance (AB)
Sunflower,Helianthus arizonensis,Tertiary,,Abiotic,NA,Drought Resistance (AB)
Sunflower,Helianthus atrorubens,Tertiary,,Abiotic,NA,Edaphic (AB)
Sunflower,Helianthus bolanderi,Secondary,,Abiotic,NA,Drought Resistance (AB)
Sunflower,Helianthus californicus,Tertiary,,Agronomic,NA,Crop Quality (AG)
Sunflower,Helianthus carnosus,Tertiary,,,NA,
Sunflower,Helianthus ciliaris,Tertiary,,Biotic,NA,Disease Resistance (B)
Sunflower,Helianthus cusickii,Tertiary,,,NA,
Sunflower,Helianthus debilis subsp. cucumerifolius,Secondary,,Abiotic,NA,Heat Tolerance (AB)
Sunflower,Helianthus debilis subsp. silvestris,Secondary,,Biotic,NA,Disease Resistance (B)
Sunflower,Helianthus debilis subsp. tardiflorus,Secondary,,Abiotic,NA,Waterlogging Tolerance (AB)
Sunflower,Helianthus debilis subsp. vestitus,Secondary,,Abiotic,NA,Heat Tolerance (AB)
Sunflower,Helianthus deserticola,Secondary,,Abiotic,NA,Drought Resistance (AB)
Sunflower,Helianthus eggertii,Tertiary,,Biotic,NA,Disease Resistance (B)
Sunflower,Helianthus exilis,Secondary,,Abiotic,NA,Drought Resistance (AB)
Sunflower,Helianthus floridanus,Tertiary,,,NA,
Sunflower,Helianthus glaucophyllus,Tertiary,,Biotic,NA,Disease Resistance (B)
Sunflower,Helianthus gracilentus,Tertiary,,,NA,
Sunflower,Helianthus laciniatus,Tertiary,,,NA,
Sunflower,Helianthus laevigatus,Tertiary,,Biotic,NA,Disease Resistance (B)
Sunflower,Helianthus longifolius,Tertiary,,,NA,
Sunflower,Helianthus microcephalus,Tertiary,,Biotic,NA,Disease Resistance (B)
Sunflower,Helianthus niveus,Secondary,,Agronomic,NA,Crop Quality (AG)
Sunflower,Helianthus niveus subsp. canescens,Secondary,,Abiotic,NA,Drought Resistance (AB)
Sunflower,Helianthus niveus subsp. tephrodes,Secondary,,Abiotic,NA,Drought Resistance (AB)
Sunflower,Helianthus occidentalis subsp. plantagineus,Tertiary,,,NA,
Sunflower,Helianthus paradoxus,Secondary,,Abiotic,NA,Salt Tolerance (AB)
Sunflower,Helianthus petiolaris subsp. fallax,Secondary,,Fertility,NA,Cytoplasmic Male Sterility (F)
Sunflower,Helianthus porteri,Tertiary,,Agronomic,NA,Crop Quality (AG)
Sunflower,Helianthus praecox subsp. hirtus,Secondary,,Abiotic,NA,Heat Tolerance (AB)
Sunflower,Helianthus praecox subsp. runyonii,Secondary,,Fertility,NA,Cytoplasmic Male Sterility (F)
Sunflower,Helianthus radula,Tertiary,,Agronomic,NA,Crop Quality (AG)
Sunflower,Helianthus schweinitzii,Tertiary,,Biotic,NA,Disease Resistance (B)
Sunflower,Helianthus silphioides,Tertiary,,Abiotic,NA,Edaphic (AB)
Sunflower,Helianthus simulans,Tertiary,,Biotic,NA,Disease Resistance (B)
Sunflower,Helianthus smithii,Tertiary,,Biotic,NA,Disease Resistance (B)
Sunflower,Helianthus debilis subsp. debilis,Secondary,,Abiotic,NA,Heat Tolerance (AB)
Sunflower,Helianthus petiolaris subsp. petiolaris,Secondary,,Abiotic,NA,Cold Tolerance (AB)
Sunflower,Helianthus praecox subsp. praecox,Secondary,,,NA,
Sunflower,Helianthus pauciflorus,Tertiary,,Agronomic,NA,Crop Quality (AG)
Sunflower,Helianthus pauciflorus subsp. pauciflorus,Tertiary,,Agronomic,NA,Crop Quality (AG)
Sunflower,Helianthus pauciflorus subsp. subrhomboideus,Tertiary,,Abiotic,NA,Cold Tolerance (AB)
Sunflower,Helianthus occidentalis subsp. occidentalis,Tertiary,,,NA,
Sunflower,Helianthus verticillatus,Tertiary,,,NA,
Sunflower,Helianthus winteri,Primary,,Abiotic,NA,Heat Tolerance (AB)
Sunflower,Helianthus inexpectatus,Tertiary,,,NA,
Sweet-Potato,Ipomoea littoralis,ProbProg,,,NA,
Sweet-Potato,Ipomoea lacunosa,Tertiary,,Abiotic,NA,Cold Tolerance (AB)
Sweet-Potato,Ipomoea leucantha,Tertiary,,Abiotic,NA,Drought Resistance (AB)
Sweet-Potato,Ipomoea tiliacea,Tertiary,,Abiotic,NA,Edaphic (AB)
Sweet-Potato,Ipomoea cordatotriloba,Tertiary,,Abiotic,NA,Cold Tolerance (AB)
Sweet-Potato,Ipomoea tenuissima,ProbProg,,,NA,
Sweet-Potato,Ipomoea cordatotriloba var. cordatotriloba,Tertiary,,,NA,
Sweet-Potato,Ipomoea cordatotriloba var. torreyana,Tertiary,,,NA,
Teff,Eragrostis pilosa,Primary,,,NA,
Tobacco,Nicotiana quadrivalvis,Tertiary,,,NA,
Tobacco,Nicotiana attenuata,Tertiary,,,NA,
Tobacco,Nicotiana repanda,Tertiary,,Biotic,NA,Disease Resistance (B)
Tobacco,Nicotiana clevelandii,Tertiary,,,NA,
Tobacco,Nicotiana obtusifolia,Tertiary,,,NA,
Vanilla,Vanilla planifolia,,,,NA,
Vanilla,Vanilla phaeantha,Secondary,,Biotic,NA,Disease Resistance (B)
"Walnut, Black",Juglans californica,Secondary,,,NA,
"Walnut, Black",Juglans hindsii,Secondary,,,NA,
"Walnut, Black",Juglans nigra,,,,NA,
"Walnut, Black",Juglans major,Progenitor,Graftstock,,NA,
"Walnut, Black",Juglans microcarpa,Secondary,,,NA,
"Walnut, Black",Juglans microcarpa var. microcarpa,Secondary,,,NA,
"Walnut, English",Juglans jamaicensis,Tertiary,,,NA,
"Walnut, English",Juglans major var. major,Tertiary,,,NA,
Wheat,Elymus canadensis,Tertiary,,,NA,
Wheat,Elymus glaucus,Tertiary,,,NA,
Wheat,Elymus virginicus,Tertiary,,,NA,
Wheat,Leymus innovatus,Tertiary,,,NA,
Wheat,Leymus triticoides,Tertiary,,Abiotic,NA,Salt Tolerance (AB)
Wheat,Leymus pacificus,Tertiary,,,NA,
Wheat,Leymus salina,Tertiary,,,NA,
Wheat,Leymus condensatus,Tertiary,,,NA,
Wheat,Leymus cinereus,Tertiary,,,NA,
Wheat,Elymus elymoides,Tertiary,,,NA,
Wheat,Elymus hystrix,Tertiary,,,NA,
Wheat,Elymus trachycaulus,Tertiary,,Biotic,NA,Disease Resistance (B)
Wheat,Elymus macrourus,Tertiary,,,NA,
Wheat,Elymus trachycaulus subsp. trachycaulus,Tertiary,,,NA,
Wheat,Elymus arizonicus,Tertiary,,,NA,
Wheat,Elymus bakeri,Tertiary,,,NA,
Wheat,Elymus curvatus,Tertiary,,,NA,
Wheat,Elymus interruptus,Tertiary,,,NA,
Wheat,Elymus lanceolatus,Tertiary,,,NA,
Wheat,Elymus scribneri,Tertiary,,,NA,
Wheat,Elymus sierrae,Tertiary,,,NA,
Wheat,Elymus wiegandii,Tertiary,,,NA,
Wheat,Leymus ambiguus,Tertiary,,,NA,
Wheat,Leymus salina subsp. mojavensis,Tertiary,,,NA,
Wheat,Elymus trachycaulus subsp. subsecundus,Tertiary,,,NA,
Wheat,Elymus lanceolatus subsp. lanceolatus,Tertiary,,,NA,
Wheat,Leymus salina subsp. salina,Tertiary,,,NA,
Wheat,Leymus salina subsp. salmonis,Tertiary,,,NA,
Wheat,Leymus simplex,Tertiary,,,NA,
Wheat,Leymus flavescens,Tertiary,,,NA,
Wheat,Elymus glaucus subsp. glaucus,Tertiary,,,NA,
Wheat,Elymus wawawaiensis,Tertiary,,,NA,
Wheat,Elymus lanceolatus subsp. psammophilus,Tertiary,,,NA,
Wheat,Elymus elymoides subsp. elymoides,Tertiary,,,NA,
Wheat,Elymus elymoides subsp. brevifolius,Tertiary,,,NA,
Wheat,Elymus elymoides subsp. californicus,Tertiary,,,NA,
Wheat,Elymus elymoides subsp. hordeoides,Tertiary,,,NA,
Wheat,Elymus multisetus,Tertiary,,,NA,
Wheat,Elymus glaucus subsp. virescens,Tertiary,,,NA,
Wheat,Leymus ajanensis,Tertiary,,,NA,
Wheat,Elymus lanceolatus subsp. riparius,Tertiary,,,NA,
Wheat,Leymus californicus,Tertiary,,,NA,
Wheat,Elymus macgregorii ,Tertiary,,,NA,
Wheat,Elymus glabriflorus,Tertiary,,,NA,
Wheat,Elymus riparius,Tertiary,,,NA,
Wheat,Elymus glaucus subsp. mackenziei,Tertiary,,,NA,
Wheat,Elymus hirsutus,Tertiary,,,NA,
Wheat,Elymus violaceus,Tertiary,,,NA,
Wheat,Elymus albicans,Tertiary,,,NA,
Wheat,Leymus mollis subsp. mollis,Tertiary,,,NA,
Wheat,Leymus mollis subsp. villosissimus ,Tertiary,,,NA,
Wheat,Elymus alaskanus,Tertiary,,,NA,
Wheat,Elymus glabriflorus var. australis,Tertiary,,,NA,
Wheat,Elymus glabriflorus var. glabriflorus,Tertiary,,,NA,
Wheat,Elymus stebbinsii,Tertiary,,,NA,
Wheat,Elymus stebbinsii subsp. septentrionalis,Tertiary,,,NA,
Wheat,Elymus stebbinsii subsp. stebbinsii,Tertiary,,,NA,
Witch-Hazel,Hamamelis virginiana,,Graftstock,,NA,
Yerba Mate,Ilex repanda,Tertiary,,,NA,
